ISO-10303-21;
HEADER;
FILE_DESCRIPTION(('FreeCAD Model'),'2;1');
FILE_NAME('Open CASCADE Shape Model','2026-09-28T21:52:16',('SargoDevel'
    ),(''),'Open CASCADE STEP processor 7.8','FreeCAD','Unknown');
FILE_SCHEMA((
'AP242_MANAGED_MODEL_BASED_3D_ENGINEERING_MIM_LF. {1 0 10303 442 1 1 4 
}'));
ENDSEC;
DATA;
#1 = APPLICATION_PROTOCOL_DEFINITION('international standard',
  'ap242_managed_model_based_3d_engineering',2013,#2);
#2 = APPLICATION_CONTEXT('Managed model based 3d engineering');
#3 = SHAPE_DEFINITION_REPRESENTATION(#4,#10);
#4 = PRODUCT_DEFINITION_SHAPE('','',#5);
#5 = PRODUCT_DEFINITION('design','',#6,#9);
#6 = PRODUCT_DEFINITION_FORMATION('','',#7);
#7 = PRODUCT('MCB_3-Pole','MCB_3-Pole','',(#8));
#8 = PRODUCT_CONTEXT('',#2,'mechanical');
#9 = PRODUCT_DEFINITION_CONTEXT('part definition',#2,'design');
#10 = ADVANCED_BREP_SHAPE_REPRESENTATION('',(#11,#15),#5066);
#11 = AXIS2_PLACEMENT_3D('',#12,#13,#14);
#12 = CARTESIAN_POINT('',(0.,0.,0.));
#13 = DIRECTION('',(0.,0.,1.));
#14 = DIRECTION('',(1.,0.,-0.));
#15 = MANIFOLD_SOLID_BREP('',#16);
#16 = CLOSED_SHELL('',(#17,#57,#81,#121,#163,#320,#342,#368,#392,#424,
    #466,#483,#507,#533,#572,#591,#622,#685,#749,#789,#831,#979,#1001,
    #1027,#1061,#1093,#1116,#1147,#1172,#1206,#1232,#1265,#1296,#1313,
    #1345,#1408,#1433,#1442,#1467,#1476,#1501,#1510,#1565,#1590,#1599,
    #1624,#1633,#1658,#1667,#1928,#1959,#1984,#2009,#2033,#2057,#2082,
    #2107,#2124,#2140,#2171,#2196,#2220,#2245,#2269,#2294,#2318,#2336,
    #2352,#2383,#2408,#2432,#2457,#2481,#2506,#2530,#2548,#2564,#2595,
    #2661,#2685,#2744,#2756,#2778,#2795,#2812,#2829,#2841,#2858,#2875,
    #2897,#2939,#2979,#3003,#3027,#3060,#3101,#3142,#3180,#3211,#3244,
    #3262,#3289,#3322,#3339,#3595,#3627,#3651,#3676,#3700,#3725,#3749,
    #3774,#3791,#3807,#3839,#3863,#3887,#3912,#3937,#3961,#3985,#4003,
    #4019,#4051,#4075,#4100,#4124,#4149,#4173,#4198,#4215,#4231,#4262,
    #4328,#4352,#4411,#4423,#4445,#4462,#4479,#4496,#4508,#4559,#4582,
    #4606,#4622,#4634,#4651,#4697,#4720,#4744,#4760,#4772,#4794,#4816,
    #4839,#4862,#4879,#4896,#4913,#4930,#4942,#4954,#4971,#4988,#5007,
    #5026,#5040,#5054));
#17 = ADVANCED_FACE('',(#18),#52,.T.);
#18 = FACE_BOUND('',#19,.T.);
#19 = EDGE_LOOP('',(#20,#30,#38,#46));
#20 = ORIENTED_EDGE('',*,*,#21,.F.);
#21 = EDGE_CURVE('',#22,#24,#26,.T.);
#22 = VERTEX_POINT('',#23);
#23 = CARTESIAN_POINT('',(13.799603273397,7.996085926142,66.642479552083
    ));
#24 = VERTEX_POINT('',#25);
#25 = CARTESIAN_POINT('',(22.799603273397,7.996085926142,66.642479552083
    ));
#26 = LINE('',#27,#28);
#27 = CARTESIAN_POINT('',(9.299603273397,7.996085926142,66.642459104166)
  );
#28 = VECTOR('',#29,1.);
#29 = DIRECTION('',(1.,-6.7E-16,-3.3E-16));
#30 = ORIENTED_EDGE('',*,*,#31,.T.);
#31 = EDGE_CURVE('',#22,#32,#34,.T.);
#32 = VERTEX_POINT('',#33);
#33 = CARTESIAN_POINT('',(13.799603273397,5.910266952967,66.6425));
#34 = LINE('',#35,#36);
#35 = CARTESIAN_POINT('',(13.799603273397,10.,66.6425));
#36 = VECTOR('',#37,1.);
#37 = DIRECTION('',(1.22E-15,-1.,1.E-15));
#38 = ORIENTED_EDGE('',*,*,#39,.T.);
#39 = EDGE_CURVE('',#32,#40,#42,.T.);
#40 = VERTEX_POINT('',#41);
#41 = CARTESIAN_POINT('',(22.799603273397,5.910266952967,66.6425));
#42 = LINE('',#43,#44);
#43 = CARTESIAN_POINT('',(13.799603273397,5.910266952966,66.6425));
#44 = VECTOR('',#45,1.);
#45 = DIRECTION('',(1.,1.49E-15,1.33E-15));
#46 = ORIENTED_EDGE('',*,*,#47,.T.);
#47 = EDGE_CURVE('',#40,#24,#48,.T.);
#48 = LINE('',#49,#50);
#49 = CARTESIAN_POINT('',(22.799603273397,-10.,66.6425));
#50 = VECTOR('',#51,1.);
#51 = DIRECTION('',(-1.22E-15,1.,-1.E-15));
#52 = PLANE('',#53);
#53 = AXIS2_PLACEMENT_3D('',#54,#55,#56);
#54 = CARTESIAN_POINT('',(18.299603273397,-5.179E-14,66.6425));
#55 = DIRECTION('',(-1.33E-15,-7.8E-16,1.));
#56 = DIRECTION('',(1.,-5.6E-16,1.33E-15));
#57 = ADVANCED_FACE('',(#58),#76,.T.);
#58 = FACE_BOUND('',#59,.T.);
#59 = EDGE_LOOP('',(#60,#61,#69));
#60 = ORIENTED_EDGE('',*,*,#47,.F.);
#61 = ORIENTED_EDGE('',*,*,#62,.T.);
#62 = EDGE_CURVE('',#40,#63,#65,.T.);
#63 = VERTEX_POINT('',#64);
#64 = CARTESIAN_POINT('',(22.799603273397,6.260106062689,66.992339109723
    ));
#65 = LINE('',#66,#67);
#66 = CARTESIAN_POINT('',(22.799603273397,-0.111679391743,
    60.620553655291));
#67 = VECTOR('',#68,1.);
#68 = DIRECTION('',(-3.3E-16,0.707106781187,0.707106781187));
#69 = ORIENTED_EDGE('',*,*,#70,.F.);
#70 = EDGE_CURVE('',#24,#63,#71,.T.);
#71 = CIRCLE('',#72,7.);
#72 = AXIS2_PLACEMENT_3D('',#73,#74,#75);
#73 = CARTESIAN_POINT('',(22.799603273397,8.5,73.624297730644));
#74 = DIRECTION('',(-1.,-7.8E-16,-1.44E-15));
#75 = DIRECTION('',(-7.8E-16,1.,-1.33E-15));
#76 = PLANE('',#77);
#77 = AXIS2_PLACEMENT_3D('',#78,#79,#80);
#78 = CARTESIAN_POINT('',(22.799603273397,-10.,66.6425));
#79 = DIRECTION('',(-1.,3.3E-16,0.));
#80 = DIRECTION('',(3.3E-16,1.,-1.E-15));
#81 = ADVANCED_FACE('',(#82),#116,.T.);
#82 = FACE_BOUND('',#83,.T.);
#83 = EDGE_LOOP('',(#84,#94,#102,#110));
#84 = ORIENTED_EDGE('',*,*,#85,.T.);
#85 = EDGE_CURVE('',#86,#88,#90,.T.);
#86 = VERTEX_POINT('',#87);
#87 = CARTESIAN_POINT('',(22.799603273397,-5.392559109551,66.6425));
#88 = VERTEX_POINT('',#89);
#89 = CARTESIAN_POINT('',(13.799603273397,-5.392559109551,66.6425));
#90 = LINE('',#91,#92);
#91 = CARTESIAN_POINT('',(9.299603273397,-5.392559109551,66.6425));
#92 = VECTOR('',#93,1.);
#93 = DIRECTION('',(-1.,-8.E-17,-2.3E-16));
#94 = ORIENTED_EDGE('',*,*,#95,.T.);
#95 = EDGE_CURVE('',#88,#96,#98,.T.);
#96 = VERTEX_POINT('',#97);
#97 = CARTESIAN_POINT('',(13.799603273397,-7.996085926142,
    66.642479552083));
#98 = LINE('',#99,#100);
#99 = CARTESIAN_POINT('',(13.799603273397,10.,66.6425));
#100 = VECTOR('',#101,1.);
#101 = DIRECTION('',(1.22E-15,-1.,1.E-15));
#102 = ORIENTED_EDGE('',*,*,#103,.T.);
#103 = EDGE_CURVE('',#96,#104,#106,.T.);
#104 = VERTEX_POINT('',#105);
#105 = CARTESIAN_POINT('',(22.799603273397,-7.996085926142,
    66.642479552083));
#106 = LINE('',#107,#108);
#107 = CARTESIAN_POINT('',(9.299603273397,-7.996085926142,
    66.642459104167));
#108 = VECTOR('',#109,1.);
#109 = DIRECTION('',(1.,-6.7E-16,-3.3E-16));
#110 = ORIENTED_EDGE('',*,*,#111,.T.);
#111 = EDGE_CURVE('',#104,#86,#112,.T.);
#112 = LINE('',#113,#114);
#113 = CARTESIAN_POINT('',(22.799603273397,-10.,66.6425));
#114 = VECTOR('',#115,1.);
#115 = DIRECTION('',(-1.22E-15,1.,-1.E-15));
#116 = PLANE('',#117);
#117 = AXIS2_PLACEMENT_3D('',#118,#119,#120);
#118 = CARTESIAN_POINT('',(18.299603273397,-5.179E-14,66.6425));
#119 = DIRECTION('',(-1.33E-15,-7.8E-16,1.));
#120 = DIRECTION('',(1.,-5.6E-16,1.33E-15));
#121 = ADVANCED_FACE('',(#122),#158,.T.);
#122 = FACE_BOUND('',#123,.T.);
#123 = EDGE_LOOP('',(#124,#125,#134,#143,#151));
#124 = ORIENTED_EDGE('',*,*,#111,.F.);
#125 = ORIENTED_EDGE('',*,*,#126,.F.);
#126 = EDGE_CURVE('',#127,#104,#129,.T.);
#127 = VERTEX_POINT('',#128);
#128 = CARTESIAN_POINT('',(22.799603273397,-4.25,68.062148865322));
#129 = CIRCLE('',#130,7.);
#130 = AXIS2_PLACEMENT_3D('',#131,#132,#133);
#131 = CARTESIAN_POINT('',(22.799603273397,-8.5,73.624297730644));
#132 = DIRECTION('',(-1.,-7.8E-16,-1.44E-15));
#133 = DIRECTION('',(-7.8E-16,1.,-1.33E-15));
#134 = ORIENTED_EDGE('',*,*,#135,.T.);
#135 = EDGE_CURVE('',#127,#136,#138,.T.);
#136 = VERTEX_POINT('',#137);
#137 = CARTESIAN_POINT('',(22.799603273397,3.986306458211,
    68.254073411178));
#138 = CIRCLE('',#139,7.);
#139 = AXIS2_PLACEMENT_3D('',#140,#141,#142);
#140 = CARTESIAN_POINT('',(22.799603273397,-2.826E-14,62.5));
#141 = DIRECTION('',(-1.,-7.8E-16,-1.44E-15));
#142 = DIRECTION('',(-7.8E-16,1.,-1.33E-15));
#143 = ORIENTED_EDGE('',*,*,#144,.F.);
#144 = EDGE_CURVE('',#145,#136,#147,.T.);
#145 = VERTEX_POINT('',#146);
#146 = CARTESIAN_POINT('',(22.799603273397,3.842505208337,
    68.110272161304));
#147 = LINE('',#148,#149);
#148 = CARTESIAN_POINT('',(22.799603273397,-1.879446344709,
    62.388320608257));
#149 = VECTOR('',#150,1.);
#150 = DIRECTION('',(-3.3E-16,0.707106781187,0.707106781187));
#151 = ORIENTED_EDGE('',*,*,#152,.F.);
#152 = EDGE_CURVE('',#86,#145,#153,.T.);
#153 = CIRCLE('',#154,6.8);
#154 = AXIS2_PLACEMENT_3D('',#155,#156,#157);
#155 = CARTESIAN_POINT('',(22.799603273397,3.111269837221E-15,62.5));
#156 = DIRECTION('',(-1.,-1.55563491861E-16,-4.666904755831E-16));
#157 = DIRECTION('',(2.2E-16,0.707106781187,-0.707106781187));
#158 = PLANE('',#159);
#159 = AXIS2_PLACEMENT_3D('',#160,#161,#162);
#160 = CARTESIAN_POINT('',(22.799603273397,-10.,66.6425));
#161 = DIRECTION('',(-1.,3.3E-16,0.));
#162 = DIRECTION('',(3.3E-16,1.,-1.E-15));
#163 = ADVANCED_FACE('',(#164),#315,.T.);
#164 = FACE_BOUND('',#165,.F.);
#165 = EDGE_LOOP('',(#166,#176,#184,#193,#201,#210,#219,#228,#236,#245,
    #253,#261,#269,#277,#285,#293,#301,#309));
#166 = ORIENTED_EDGE('',*,*,#167,.T.);
#167 = EDGE_CURVE('',#168,#170,#172,.T.);
#168 = VERTEX_POINT('',#169);
#169 = CARTESIAN_POINT('',(27.299603273397,-41.5,50.2));
#170 = VERTEX_POINT('',#171);
#171 = CARTESIAN_POINT('',(27.299603273397,-22.5,50.2));
#172 = LINE('',#173,#174);
#173 = CARTESIAN_POINT('',(27.299603273397,-41.5,50.2));
#174 = VECTOR('',#175,1.);
#175 = DIRECTION('',(-1.55E-15,1.,-1.22E-15));
#176 = ORIENTED_EDGE('',*,*,#177,.T.);
#177 = EDGE_CURVE('',#170,#178,#180,.T.);
#178 = VERTEX_POINT('',#179);
#179 = CARTESIAN_POINT('',(27.299603273397,-22.5,64.2));
#180 = LINE('',#181,#182);
#181 = CARTESIAN_POINT('',(27.299603273397,-22.5,50.2));
#182 = VECTOR('',#183,1.);
#183 = DIRECTION('',(-1.67E-15,-1.E-15,1.));
#184 = ORIENTED_EDGE('',*,*,#185,.F.);
#185 = EDGE_CURVE('',#186,#178,#188,.T.);
#186 = VERTEX_POINT('',#187);
#187 = CARTESIAN_POINT('',(27.299603273397,-21.10798158725,
    65.696108277102));
#188 = CIRCLE('',#189,1.5);
#189 = AXIS2_PLACEMENT_3D('',#190,#191,#192);
#190 = CARTESIAN_POINT('',(27.299603273397,-21.,64.2));
#191 = DIRECTION('',(1.,1.55E-15,1.67E-15));
#192 = DIRECTION('',(-1.55E-15,1.,-1.22E-15));
#193 = ORIENTED_EDGE('',*,*,#194,.T.);
#194 = EDGE_CURVE('',#186,#195,#197,.T.);
#195 = VERTEX_POINT('',#196);
#196 = CARTESIAN_POINT('',(27.299603273397,-7.996085926142,
    66.642459104166));
#197 = LINE('',#198,#199);
#198 = CARTESIAN_POINT('',(27.299603273397,-21.10798158725,
    65.696108277102));
#199 = VECTOR('',#200,1.);
#200 = DIRECTION('',(-1.67E-15,0.997405518068,7.198772483688E-02));
#201 = ORIENTED_EDGE('',*,*,#202,.T.);
#202 = EDGE_CURVE('',#195,#203,#205,.T.);
#203 = VERTEX_POINT('',#204);
#204 = CARTESIAN_POINT('',(27.299603273397,-4.25,68.062148865322));
#205 = CIRCLE('',#206,7.);
#206 = AXIS2_PLACEMENT_3D('',#207,#208,#209);
#207 = CARTESIAN_POINT('',(27.299603273397,-8.5,73.624297730644));
#208 = DIRECTION('',(1.,1.55E-15,1.67E-15));
#209 = DIRECTION('',(-1.55E-15,1.,-1.22E-15));
#210 = ORIENTED_EDGE('',*,*,#211,.F.);
#211 = EDGE_CURVE('',#212,#203,#214,.T.);
#212 = VERTEX_POINT('',#213);
#213 = CARTESIAN_POINT('',(27.299603273397,4.25,68.062148865322));
#214 = CIRCLE('',#215,7.);
#215 = AXIS2_PLACEMENT_3D('',#216,#217,#218);
#216 = CARTESIAN_POINT('',(27.299603273397,-5.845E-14,62.5));
#217 = DIRECTION('',(1.,1.55E-15,1.67E-15));
#218 = DIRECTION('',(-1.55E-15,1.,-1.22E-15));
#219 = ORIENTED_EDGE('',*,*,#220,.T.);
#220 = EDGE_CURVE('',#212,#221,#223,.T.);
#221 = VERTEX_POINT('',#222);
#222 = CARTESIAN_POINT('',(27.299603273397,7.996085926142,
    66.642459104166));
#223 = CIRCLE('',#224,7.);
#224 = AXIS2_PLACEMENT_3D('',#225,#226,#227);
#225 = CARTESIAN_POINT('',(27.299603273397,8.5,73.624297730644));
#226 = DIRECTION('',(1.,1.55E-15,1.67E-15));
#227 = DIRECTION('',(-1.55E-15,1.,-1.22E-15));
#228 = ORIENTED_EDGE('',*,*,#229,.T.);
#229 = EDGE_CURVE('',#221,#230,#232,.T.);
#230 = VERTEX_POINT('',#231);
#231 = CARTESIAN_POINT('',(27.299603273397,21.107981587255,
    65.696108277102));
#232 = LINE('',#233,#234);
#233 = CARTESIAN_POINT('',(27.299603273397,7.996085926142,
    66.642459104166));
#234 = VECTOR('',#235,1.);
#235 = DIRECTION('',(-1.43E-15,0.997405518068,-7.198772483688E-02));
#236 = ORIENTED_EDGE('',*,*,#237,.F.);
#237 = EDGE_CURVE('',#238,#230,#240,.T.);
#238 = VERTEX_POINT('',#239);
#239 = CARTESIAN_POINT('',(27.299603273397,22.5,64.2));
#240 = CIRCLE('',#241,1.5);
#241 = AXIS2_PLACEMENT_3D('',#242,#243,#244);
#242 = CARTESIAN_POINT('',(27.299603273397,21.,64.2));
#243 = DIRECTION('',(1.,1.55E-15,1.67E-15));
#244 = DIRECTION('',(-1.55E-15,1.,-1.22E-15));
#245 = ORIENTED_EDGE('',*,*,#246,.T.);
#246 = EDGE_CURVE('',#238,#247,#249,.T.);
#247 = VERTEX_POINT('',#248);
#248 = CARTESIAN_POINT('',(27.299603273397,22.5,50.2));
#249 = LINE('',#250,#251);
#250 = CARTESIAN_POINT('',(27.299603273397,22.5,64.2));
#251 = VECTOR('',#252,1.);
#252 = DIRECTION('',(1.67E-15,1.25E-15,-1.));
#253 = ORIENTED_EDGE('',*,*,#254,.T.);
#254 = EDGE_CURVE('',#247,#255,#257,.T.);
#255 = VERTEX_POINT('',#256);
#256 = CARTESIAN_POINT('',(27.299603273397,41.5,50.2));
#257 = LINE('',#258,#259);
#258 = CARTESIAN_POINT('',(27.299603273397,22.5,50.2));
#259 = VECTOR('',#260,1.);
#260 = DIRECTION('',(-1.55E-15,1.,-1.22E-15));
#261 = ORIENTED_EDGE('',*,*,#262,.T.);
#262 = EDGE_CURVE('',#255,#263,#265,.T.);
#263 = VERTEX_POINT('',#264);
#264 = CARTESIAN_POINT('',(27.299603273397,41.5,-6.9E-14));
#265 = LINE('',#266,#267);
#266 = CARTESIAN_POINT('',(27.299603273397,41.5,50.2));
#267 = VECTOR('',#268,1.);
#268 = DIRECTION('',(1.67E-15,1.E-15,-1.));
#269 = ORIENTED_EDGE('',*,*,#270,.T.);
#270 = EDGE_CURVE('',#263,#271,#273,.T.);
#271 = VERTEX_POINT('',#272);
#272 = CARTESIAN_POINT('',(27.299603273397,17.5,-2.6E-14));
#273 = LINE('',#274,#275);
#274 = CARTESIAN_POINT('',(27.299603273397,41.5,-7.460698725481E-14));
#275 = VECTOR('',#276,1.);
#276 = DIRECTION('',(1.55E-15,-1.,1.22E-15));
#277 = ORIENTED_EDGE('',*,*,#278,.T.);
#278 = EDGE_CURVE('',#271,#279,#281,.T.);
#279 = VERTEX_POINT('',#280);
#280 = CARTESIAN_POINT('',(27.299603273397,17.5,6.2));
#281 = LINE('',#282,#283);
#282 = CARTESIAN_POINT('',(27.299603273397,17.5,-4.440892098501E-14));
#283 = VECTOR('',#284,1.);
#284 = DIRECTION('',(-1.67E-15,-1.E-15,1.));
#285 = ORIENTED_EDGE('',*,*,#286,.T.);
#286 = EDGE_CURVE('',#279,#287,#289,.T.);
#287 = VERTEX_POINT('',#288);
#288 = CARTESIAN_POINT('',(27.299603273397,-17.5,6.2));
#289 = LINE('',#290,#291);
#290 = CARTESIAN_POINT('',(27.299603273397,17.5,6.2));
#291 = VECTOR('',#292,1.);
#292 = DIRECTION('',(1.55E-15,-1.,1.22E-15));
#293 = ORIENTED_EDGE('',*,*,#294,.T.);
#294 = EDGE_CURVE('',#287,#295,#297,.T.);
#295 = VERTEX_POINT('',#296);
#296 = CARTESIAN_POINT('',(27.299603273397,-17.5,3.6E-14));
#297 = LINE('',#298,#299);
#298 = CARTESIAN_POINT('',(27.299603273397,-17.5,6.2));
#299 = VECTOR('',#300,1.);
#300 = DIRECTION('',(1.67E-15,1.E-15,-1.));
#301 = ORIENTED_EDGE('',*,*,#302,.T.);
#302 = EDGE_CURVE('',#295,#303,#305,.T.);
#303 = VERTEX_POINT('',#304);
#304 = CARTESIAN_POINT('',(27.299603273397,-41.5,7.9E-14));
#305 = LINE('',#306,#307);
#306 = CARTESIAN_POINT('',(27.299603273397,-17.5,-1.7763568394E-15));
#307 = VECTOR('',#308,1.);
#308 = DIRECTION('',(1.55E-15,-1.,1.22E-15));
#309 = ORIENTED_EDGE('',*,*,#310,.T.);
#310 = EDGE_CURVE('',#303,#168,#311,.T.);
#311 = LINE('',#312,#313);
#312 = CARTESIAN_POINT('',(27.299603273397,-41.5,2.84217094304E-14));
#313 = VECTOR('',#314,1.);
#314 = DIRECTION('',(-1.67E-15,-1.E-15,1.));
#315 = PLANE('',#316);
#316 = AXIS2_PLACEMENT_3D('',#317,#318,#319);
#317 = CARTESIAN_POINT('',(27.299603273397,-2.66E-14,30.620651445437));
#318 = DIRECTION('',(1.,-6.7E-16,-5.6E-16));
#319 = DIRECTION('',(5.6E-16,-1.E-15,1.));
#320 = ADVANCED_FACE('',(#321),#337,.F.);
#321 = FACE_BOUND('',#322,.T.);
#322 = EDGE_LOOP('',(#323,#324,#330,#331));
#323 = ORIENTED_EDGE('',*,*,#126,.T.);
#324 = ORIENTED_EDGE('',*,*,#325,.T.);
#325 = EDGE_CURVE('',#104,#195,#326,.T.);
#326 = LINE('',#327,#328);
#327 = CARTESIAN_POINT('',(9.299603273397,-7.996085926142,
    66.642459104167));
#328 = VECTOR('',#329,1.);
#329 = DIRECTION('',(1.,-6.7E-16,-3.3E-16));
#330 = ORIENTED_EDGE('',*,*,#202,.T.);
#331 = ORIENTED_EDGE('',*,*,#332,.F.);
#332 = EDGE_CURVE('',#127,#203,#333,.T.);
#333 = LINE('',#334,#335);
#334 = CARTESIAN_POINT('',(9.299603273397,-4.25,68.062148865322));
#335 = VECTOR('',#336,1.);
#336 = DIRECTION('',(1.,-6.7E-16,-3.3E-16));
#337 = CYLINDRICAL_SURFACE('',#338,7.);
#338 = AXIS2_PLACEMENT_3D('',#339,#340,#341);
#339 = CARTESIAN_POINT('',(9.299603273397,-8.5,73.624297730644));
#340 = DIRECTION('',(-1.,4.4E-16,1.1E-16));
#341 = DIRECTION('',(4.4E-16,1.,-1.22E-15));
#342 = ADVANCED_FACE('',(#343),#363,.T.);
#343 = FACE_BOUND('',#344,.F.);
#344 = EDGE_LOOP('',(#345,#346,#355,#361,#362));
#345 = ORIENTED_EDGE('',*,*,#135,.T.);
#346 = ORIENTED_EDGE('',*,*,#347,.T.);
#347 = EDGE_CURVE('',#136,#348,#350,.T.);
#348 = VERTEX_POINT('',#349);
#349 = CARTESIAN_POINT('',(22.799603273397,4.25,68.062148865322));
#350 = CIRCLE('',#351,7.);
#351 = AXIS2_PLACEMENT_3D('',#352,#353,#354);
#352 = CARTESIAN_POINT('',(22.799603273397,-2.826E-14,62.5));
#353 = DIRECTION('',(-1.,-7.8E-16,-1.44E-15));
#354 = DIRECTION('',(-7.8E-16,1.,-1.33E-15));
#355 = ORIENTED_EDGE('',*,*,#356,.T.);
#356 = EDGE_CURVE('',#348,#212,#357,.T.);
#357 = LINE('',#358,#359);
#358 = CARTESIAN_POINT('',(9.299603273397,4.25,68.062148865322));
#359 = VECTOR('',#360,1.);
#360 = DIRECTION('',(1.,-6.7E-16,-3.3E-16));
#361 = ORIENTED_EDGE('',*,*,#211,.T.);
#362 = ORIENTED_EDGE('',*,*,#332,.F.);
#363 = CYLINDRICAL_SURFACE('',#364,7.);
#364 = AXIS2_PLACEMENT_3D('',#365,#366,#367);
#365 = CARTESIAN_POINT('',(9.299603273397,-4.258E-14,62.5));
#366 = DIRECTION('',(-1.,4.4E-16,1.1E-16));
#367 = DIRECTION('',(4.4E-16,1.,-1.22E-15));
#368 = ADVANCED_FACE('',(#369),#387,.F.);
#369 = FACE_BOUND('',#370,.T.);
#370 = EDGE_LOOP('',(#371,#372,#379,#380,#381));
#371 = ORIENTED_EDGE('',*,*,#70,.T.);
#372 = ORIENTED_EDGE('',*,*,#373,.T.);
#373 = EDGE_CURVE('',#63,#348,#374,.T.);
#374 = CIRCLE('',#375,7.);
#375 = AXIS2_PLACEMENT_3D('',#376,#377,#378);
#376 = CARTESIAN_POINT('',(22.799603273397,8.5,73.624297730644));
#377 = DIRECTION('',(-1.,-7.8E-16,-1.44E-15));
#378 = DIRECTION('',(-7.8E-16,1.,-1.33E-15));
#379 = ORIENTED_EDGE('',*,*,#356,.T.);
#380 = ORIENTED_EDGE('',*,*,#220,.T.);
#381 = ORIENTED_EDGE('',*,*,#382,.F.);
#382 = EDGE_CURVE('',#24,#221,#383,.T.);
#383 = LINE('',#384,#385);
#384 = CARTESIAN_POINT('',(9.299603273397,7.996085926142,66.642459104166
    ));
#385 = VECTOR('',#386,1.);
#386 = DIRECTION('',(1.,-6.7E-16,-3.3E-16));
#387 = CYLINDRICAL_SURFACE('',#388,7.);
#388 = AXIS2_PLACEMENT_3D('',#389,#390,#391);
#389 = CARTESIAN_POINT('',(9.299603273397,8.5,73.624297730644));
#390 = DIRECTION('',(-1.,4.4E-16,1.1E-16));
#391 = DIRECTION('',(4.4E-16,1.,-1.22E-15));
#392 = ADVANCED_FACE('',(#393),#419,.T.);
#393 = FACE_BOUND('',#394,.T.);
#394 = EDGE_LOOP('',(#395,#405,#411,#412,#413));
#395 = ORIENTED_EDGE('',*,*,#396,.F.);
#396 = EDGE_CURVE('',#397,#399,#401,.T.);
#397 = VERTEX_POINT('',#398);
#398 = CARTESIAN_POINT('',(22.799603273397,5.126524163602,
    69.394291116569));
#399 = VERTEX_POINT('',#400);
#400 = CARTESIAN_POINT('',(22.799603273397,6.894291116569,
    67.626524163602));
#401 = LINE('',#402,#403);
#402 = CARTESIAN_POINT('',(22.799603273397,-20.41378672795,
    94.934602008127));
#403 = VECTOR('',#404,1.);
#404 = DIRECTION('',(0.,0.707106781187,-0.707106781187));
#405 = ORIENTED_EDGE('',*,*,#406,.F.);
#406 = EDGE_CURVE('',#136,#397,#407,.T.);
#407 = LINE('',#408,#409);
#408 = CARTESIAN_POINT('',(22.799603273397,-1.879446344709,
    62.388320608257));
#409 = VECTOR('',#410,1.);
#410 = DIRECTION('',(-3.3E-16,0.707106781187,0.707106781187));
#411 = ORIENTED_EDGE('',*,*,#347,.T.);
#412 = ORIENTED_EDGE('',*,*,#373,.F.);
#413 = ORIENTED_EDGE('',*,*,#414,.T.);
#414 = EDGE_CURVE('',#63,#399,#415,.T.);
#415 = LINE('',#416,#417);
#416 = CARTESIAN_POINT('',(22.799603273397,-0.111679391743,
    60.620553655291));
#417 = VECTOR('',#418,1.);
#418 = DIRECTION('',(-3.3E-16,0.707106781187,0.707106781187));
#419 = PLANE('',#420);
#420 = AXIS2_PLACEMENT_3D('',#421,#422,#423);
#421 = CARTESIAN_POINT('',(22.799603273397,-33.14170878931,
    82.206679946769));
#422 = DIRECTION('',(1.,2.333452377916E-16,2.333452377916E-16));
#423 = DIRECTION('',(-3.3E-16,0.707106781187,0.707106781187));
#424 = ADVANCED_FACE('',(#425),#461,.T.);
#425 = FACE_BOUND('',#426,.T.);
#426 = EDGE_LOOP('',(#427,#428,#437,#445,#454));
#427 = ORIENTED_EDGE('',*,*,#95,.F.);
#428 = ORIENTED_EDGE('',*,*,#429,.T.);
#429 = EDGE_CURVE('',#88,#430,#432,.T.);
#430 = VERTEX_POINT('',#431);
#431 = CARTESIAN_POINT('',(13.799603273397,3.842505208337,
    68.110272161304));
#432 = CIRCLE('',#433,6.8);
#433 = AXIS2_PLACEMENT_3D('',#434,#435,#436);
#434 = CARTESIAN_POINT('',(13.799603273397,1.697056274848E-15,62.5));
#435 = DIRECTION('',(-1.,-1.55563491861E-16,-4.666904755831E-16));
#436 = DIRECTION('',(2.2E-16,0.707106781187,-0.707106781187));
#437 = ORIENTED_EDGE('',*,*,#438,.F.);
#438 = EDGE_CURVE('',#439,#430,#441,.T.);
#439 = VERTEX_POINT('',#440);
#440 = CARTESIAN_POINT('',(13.799603273397,3.986306458211,
    68.254073411178));
#441 = LINE('',#442,#443);
#442 = CARTESIAN_POINT('',(13.799603273397,4.48451468597,68.752281638936
    ));
#443 = VECTOR('',#444,1.);
#444 = DIRECTION('',(3.3E-16,-0.707106781187,-0.707106781187));
#445 = ORIENTED_EDGE('',*,*,#446,.F.);
#446 = EDGE_CURVE('',#447,#439,#449,.T.);
#447 = VERTEX_POINT('',#448);
#448 = CARTESIAN_POINT('',(13.799603273397,-4.25,68.062148865322));
#449 = CIRCLE('',#450,7.);
#450 = AXIS2_PLACEMENT_3D('',#451,#452,#453);
#451 = CARTESIAN_POINT('',(13.799603273397,-2.326E-14,62.5));
#452 = DIRECTION('',(-1.,-7.8E-16,-1.44E-15));
#453 = DIRECTION('',(-7.8E-16,1.,-1.33E-15));
#454 = ORIENTED_EDGE('',*,*,#455,.T.);
#455 = EDGE_CURVE('',#447,#96,#456,.T.);
#456 = CIRCLE('',#457,7.);
#457 = AXIS2_PLACEMENT_3D('',#458,#459,#460);
#458 = CARTESIAN_POINT('',(13.799603273397,-8.5,73.624297730644));
#459 = DIRECTION('',(-1.,-7.8E-16,-1.44E-15));
#460 = DIRECTION('',(-7.8E-16,1.,-1.33E-15));
#461 = PLANE('',#462);
#462 = AXIS2_PLACEMENT_3D('',#463,#464,#465);
#463 = CARTESIAN_POINT('',(13.799603273397,10.,66.6425));
#464 = DIRECTION('',(1.,-3.3E-16,0.));
#465 = DIRECTION('',(-3.3E-16,-1.,1.E-15));
#466 = ADVANCED_FACE('',(#467),#478,.T.);
#467 = FACE_BOUND('',#468,.F.);
#468 = EDGE_LOOP('',(#469,#470,#471,#477));
#469 = ORIENTED_EDGE('',*,*,#85,.T.);
#470 = ORIENTED_EDGE('',*,*,#429,.T.);
#471 = ORIENTED_EDGE('',*,*,#472,.T.);
#472 = EDGE_CURVE('',#430,#145,#473,.T.);
#473 = LINE('',#474,#475);
#474 = CARTESIAN_POINT('',(9.299603273397,3.842505208337,68.110272161304
    ));
#475 = VECTOR('',#476,1.);
#476 = DIRECTION('',(1.,-2.333452377916E-16,2.333452377916E-16));
#477 = ORIENTED_EDGE('',*,*,#152,.F.);
#478 = CYLINDRICAL_SURFACE('',#479,6.8);
#479 = AXIS2_PLACEMENT_3D('',#480,#481,#482);
#480 = CARTESIAN_POINT('',(9.299603273397,1.697056274848E-15,62.5));
#481 = DIRECTION('',(-1.,-7.778174593052E-17,-2.333452377916E-16));
#482 = DIRECTION('',(1.1E-16,0.707106781187,-0.707106781187));
#483 = ADVANCED_FACE('',(#484),#502,.T.);
#484 = FACE_BOUND('',#485,.T.);
#485 = EDGE_LOOP('',(#486,#487,#496));
#486 = ORIENTED_EDGE('',*,*,#31,.F.);
#487 = ORIENTED_EDGE('',*,*,#488,.T.);
#488 = EDGE_CURVE('',#22,#489,#491,.T.);
#489 = VERTEX_POINT('',#490);
#490 = CARTESIAN_POINT('',(13.799603273397,6.260106062689,
    66.992339109723));
#491 = CIRCLE('',#492,7.);
#492 = AXIS2_PLACEMENT_3D('',#493,#494,#495);
#493 = CARTESIAN_POINT('',(13.799603273397,8.5,73.624297730644));
#494 = DIRECTION('',(-1.,-7.8E-16,-1.44E-15));
#495 = DIRECTION('',(-7.8E-16,1.,-1.33E-15));
#496 = ORIENTED_EDGE('',*,*,#497,.T.);
#497 = EDGE_CURVE('',#489,#32,#498,.T.);
#498 = LINE('',#499,#500);
#499 = CARTESIAN_POINT('',(13.799603273397,6.252281638936,66.98451468597
    ));
#500 = VECTOR('',#501,1.);
#501 = DIRECTION('',(3.3E-16,-0.707106781187,-0.707106781187));
#502 = PLANE('',#503);
#503 = AXIS2_PLACEMENT_3D('',#504,#505,#506);
#504 = CARTESIAN_POINT('',(13.799603273397,10.,66.6425));
#505 = DIRECTION('',(1.,-3.3E-16,0.));
#506 = DIRECTION('',(-3.3E-16,-1.,1.E-15));
#507 = ADVANCED_FACE('',(#508),#528,.F.);
#508 = FACE_BOUND('',#509,.F.);
#509 = EDGE_LOOP('',(#510,#518,#524,#525,#526,#527));
#510 = ORIENTED_EDGE('',*,*,#511,.F.);
#511 = EDGE_CURVE('',#512,#399,#514,.T.);
#512 = VERTEX_POINT('',#513);
#513 = CARTESIAN_POINT('',(13.799603273397,6.894291116569,
    67.626524163602));
#514 = LINE('',#515,#516);
#515 = CARTESIAN_POINT('',(9.299603273397,6.894291116569,67.626524163602
    ));
#516 = VECTOR('',#517,1.);
#517 = DIRECTION('',(1.,-2.333452377916E-16,2.333452377916E-16));
#518 = ORIENTED_EDGE('',*,*,#519,.T.);
#519 = EDGE_CURVE('',#512,#489,#520,.T.);
#520 = LINE('',#521,#522);
#521 = CARTESIAN_POINT('',(13.799603273397,6.252281638936,66.98451468597
    ));
#522 = VECTOR('',#523,1.);
#523 = DIRECTION('',(3.3E-16,-0.707106781187,-0.707106781187));
#524 = ORIENTED_EDGE('',*,*,#497,.T.);
#525 = ORIENTED_EDGE('',*,*,#39,.T.);
#526 = ORIENTED_EDGE('',*,*,#62,.T.);
#527 = ORIENTED_EDGE('',*,*,#414,.T.);
#528 = PLANE('',#529);
#529 = AXIS2_PLACEMENT_3D('',#530,#531,#532);
#530 = CARTESIAN_POINT('',(9.299603273397,5.610272161304,66.342505208337
    ));
#531 = DIRECTION('',(1.1E-16,-0.707106781187,0.707106781187));
#532 = DIRECTION('',(-6.7E-16,0.707106781187,0.707106781187));
#533 = ADVANCED_FACE('',(#534),#567,.T.);
#534 = FACE_BOUND('',#535,.T.);
#535 = EDGE_LOOP('',(#536,#544,#550,#551,#560));
#536 = ORIENTED_EDGE('',*,*,#537,.F.);
#537 = EDGE_CURVE('',#538,#439,#540,.T.);
#538 = VERTEX_POINT('',#539);
#539 = CARTESIAN_POINT('',(13.799603273397,5.126524163602,
    69.394291116569));
#540 = LINE('',#541,#542);
#541 = CARTESIAN_POINT('',(13.799603273397,4.48451468597,68.752281638936
    ));
#542 = VECTOR('',#543,1.);
#543 = DIRECTION('',(3.3E-16,-0.707106781187,-0.707106781187));
#544 = ORIENTED_EDGE('',*,*,#545,.T.);
#545 = EDGE_CURVE('',#538,#512,#546,.T.);
#546 = LINE('',#547,#548);
#547 = CARTESIAN_POINT('',(13.799603273397,-20.41378672795,
    94.934602008127));
#548 = VECTOR('',#549,1.);
#549 = DIRECTION('',(0.,0.707106781187,-0.707106781187));
#550 = ORIENTED_EDGE('',*,*,#519,.T.);
#551 = ORIENTED_EDGE('',*,*,#552,.T.);
#552 = EDGE_CURVE('',#489,#553,#555,.T.);
#553 = VERTEX_POINT('',#554);
#554 = CARTESIAN_POINT('',(13.799603273397,4.25,68.062148865322));
#555 = CIRCLE('',#556,7.);
#556 = AXIS2_PLACEMENT_3D('',#557,#558,#559);
#557 = CARTESIAN_POINT('',(13.799603273397,8.5,73.624297730644));
#558 = DIRECTION('',(-1.,-7.8E-16,-1.44E-15));
#559 = DIRECTION('',(-7.8E-16,1.,-1.33E-15));
#560 = ORIENTED_EDGE('',*,*,#561,.F.);
#561 = EDGE_CURVE('',#439,#553,#562,.T.);
#562 = CIRCLE('',#563,7.);
#563 = AXIS2_PLACEMENT_3D('',#564,#565,#566);
#564 = CARTESIAN_POINT('',(13.799603273397,-2.326E-14,62.5));
#565 = DIRECTION('',(-1.,-7.8E-16,-1.44E-15));
#566 = DIRECTION('',(-7.8E-16,1.,-1.33E-15));
#567 = PLANE('',#568);
#568 = AXIS2_PLACEMENT_3D('',#569,#570,#571);
#569 = CARTESIAN_POINT('',(13.799603273397,-20.41378672795,
    94.934602008127));
#570 = DIRECTION('',(-1.,-2.333452377916E-16,-2.333452377916E-16));
#571 = DIRECTION('',(3.3E-16,-0.707106781187,-0.707106781187));
#572 = ADVANCED_FACE('',(#573),#586,.T.);
#573 = FACE_BOUND('',#574,.T.);
#574 = EDGE_LOOP('',(#575,#576,#577,#578,#579,#580));
#575 = ORIENTED_EDGE('',*,*,#537,.T.);
#576 = ORIENTED_EDGE('',*,*,#438,.T.);
#577 = ORIENTED_EDGE('',*,*,#472,.T.);
#578 = ORIENTED_EDGE('',*,*,#144,.T.);
#579 = ORIENTED_EDGE('',*,*,#406,.T.);
#580 = ORIENTED_EDGE('',*,*,#581,.F.);
#581 = EDGE_CURVE('',#538,#397,#582,.T.);
#582 = LINE('',#583,#584);
#583 = CARTESIAN_POINT('',(9.299603273397,5.126524163602,69.394291116569
    ));
#584 = VECTOR('',#585,1.);
#585 = DIRECTION('',(1.,-2.333452377916E-16,2.333452377916E-16));
#586 = PLANE('',#587);
#587 = AXIS2_PLACEMENT_3D('',#588,#589,#590);
#588 = CARTESIAN_POINT('',(9.299603273397,3.842505208337,68.110272161304
    ));
#589 = DIRECTION('',(1.1E-16,-0.707106781187,0.707106781187));
#590 = DIRECTION('',(-6.7E-16,0.707106781187,0.707106781187));
#591 = ADVANCED_FACE('',(#592),#617,.T.);
#592 = FACE_BOUND('',#593,.T.);
#593 = EDGE_LOOP('',(#594,#602,#603,#611));
#594 = ORIENTED_EDGE('',*,*,#595,.F.);
#595 = EDGE_CURVE('',#397,#596,#598,.T.);
#596 = VERTEX_POINT('',#597);
#597 = CARTESIAN_POINT('',(25.299603273397,5.126524163602,
    69.394291116569));
#598 = LINE('',#599,#600);
#599 = CARTESIAN_POINT('',(9.299603273397,5.126524163602,69.394291116569
    ));
#600 = VECTOR('',#601,1.);
#601 = DIRECTION('',(1.,-2.333452377916E-16,2.333452377916E-16));
#602 = ORIENTED_EDGE('',*,*,#396,.T.);
#603 = ORIENTED_EDGE('',*,*,#604,.T.);
#604 = EDGE_CURVE('',#399,#605,#607,.T.);
#605 = VERTEX_POINT('',#606);
#606 = CARTESIAN_POINT('',(25.299603273397,6.894291116569,
    67.626524163602));
#607 = LINE('',#608,#609);
#608 = CARTESIAN_POINT('',(9.299603273397,6.894291116569,67.626524163602
    ));
#609 = VECTOR('',#610,1.);
#610 = DIRECTION('',(1.,-2.333452377916E-16,2.333452377916E-16));
#611 = ORIENTED_EDGE('',*,*,#612,.F.);
#612 = EDGE_CURVE('',#596,#605,#613,.T.);
#613 = LINE('',#614,#615);
#614 = CARTESIAN_POINT('',(25.299603273397,-7.201689543935,
    81.722504824106));
#615 = VECTOR('',#616,1.);
#616 = DIRECTION('',(4.4E-16,0.707106781187,-0.707106781187));
#617 = PLANE('',#618);
#618 = AXIS2_PLACEMENT_3D('',#619,#620,#621);
#619 = CARTESIAN_POINT('',(22.799603273397,-20.41378672795,
    94.934602008127));
#620 = DIRECTION('',(1.1E-16,-0.707106781187,-0.707106781187));
#621 = DIRECTION('',(1.,-7.778174593052E-17,2.333452377916E-16));
#622 = ADVANCED_FACE('',(#623),#680,.T.);
#623 = FACE_BOUND('',#624,.T.);
#624 = EDGE_LOOP('',(#625,#633,#634,#642,#650,#658,#666,#674));
#625 = ORIENTED_EDGE('',*,*,#626,.F.);
#626 = EDGE_CURVE('',#596,#627,#629,.T.);
#627 = VERTEX_POINT('',#628);
#628 = CARTESIAN_POINT('',(25.299603273397,4.772970773009,
    71.162058069535));
#629 = LINE('',#630,#631);
#630 = CARTESIAN_POINT('',(25.299603273397,5.126524163602,
    69.394291116569));
#631 = VECTOR('',#632,1.);
#632 = DIRECTION('',(9.E-17,-0.196116135138,0.980580675691));
#633 = ORIENTED_EDGE('',*,*,#612,.T.);
#634 = ORIENTED_EDGE('',*,*,#635,.F.);
#635 = EDGE_CURVE('',#636,#605,#638,.T.);
#636 = VERTEX_POINT('',#637);
#637 = CARTESIAN_POINT('',(25.299603273397,8.662058069535,
    67.272970773009));
#638 = LINE('',#639,#640);
#639 = CARTESIAN_POINT('',(25.299603273397,8.662058069535,
    67.272970773009));
#640 = VECTOR('',#641,1.);
#641 = DIRECTION('',(8.3E-16,-0.980580675691,0.196116135138));
#642 = ORIENTED_EDGE('',*,*,#643,.F.);
#643 = EDGE_CURVE('',#644,#636,#646,.T.);
#644 = VERTEX_POINT('',#645);
#645 = CARTESIAN_POINT('',(25.299603273397,12.727922061358,
    71.692388155425));
#646 = LINE('',#647,#648);
#647 = CARTESIAN_POINT('',(25.299603273397,12.727922061358,
    71.692388155425));
#648 = VECTOR('',#649,1.);
#649 = DIRECTION('',(6.4E-16,-0.677056530821,-0.735931011762));
#650 = ORIENTED_EDGE('',*,*,#651,.F.);
#651 = EDGE_CURVE('',#652,#644,#654,.T.);
#652 = VERTEX_POINT('',#653);
#653 = CARTESIAN_POINT('',(25.299603273397,12.727922061358,
    73.106601717798));
#654 = LINE('',#655,#656);
#655 = CARTESIAN_POINT('',(25.299603273397,12.727922061358,
    73.106601717798));
#656 = VECTOR('',#657,1.);
#657 = DIRECTION('',(8.E-17,-8.326672684689E-16,-1.));
#658 = ORIENTED_EDGE('',*,*,#659,.F.);
#659 = EDGE_CURVE('',#660,#652,#662,.T.);
#660 = VERTEX_POINT('',#661);
#661 = CARTESIAN_POINT('',(25.299603273397,10.606601717798,
    75.227922061358));
#662 = LINE('',#663,#664);
#663 = CARTESIAN_POINT('',(25.299603273397,10.606601717798,
    75.227922061358));
#664 = VECTOR('',#665,1.);
#665 = DIRECTION('',(-5.6E-16,0.707106781187,-0.707106781187));
#666 = ORIENTED_EDGE('',*,*,#667,.F.);
#667 = EDGE_CURVE('',#668,#660,#670,.T.);
#668 = VERTEX_POINT('',#669);
#669 = CARTESIAN_POINT('',(25.299603273397,9.192388155425,
    75.227922061358));
#670 = LINE('',#671,#672);
#671 = CARTESIAN_POINT('',(25.299603273397,9.192388155425,
    75.227922061358));
#672 = VECTOR('',#673,1.);
#673 = DIRECTION('',(-8.6E-16,1.,-8.326672684689E-16));
#674 = ORIENTED_EDGE('',*,*,#675,.F.);
#675 = EDGE_CURVE('',#627,#668,#676,.T.);
#676 = LINE('',#677,#678);
#677 = CARTESIAN_POINT('',(25.299603273397,4.772970773009,
    71.162058069535));
#678 = VECTOR('',#679,1.);
#679 = DIRECTION('',(-6.9E-16,0.735931011762,0.677056530821));
#680 = PLANE('',#681);
#681 = AXIS2_PLACEMENT_3D('',#682,#683,#684);
#682 = CARTESIAN_POINT('',(25.299603273397,3.536540425088,
    66.036540425088));
#683 = DIRECTION('',(1.,-3.889087296526E-16,7.778174593052E-17));
#684 = DIRECTION('',(2.2E-16,0.707106781187,0.707106781187));
#685 = ADVANCED_FACE('',(#686,#711,#722,#733),#744,.T.);
#686 = FACE_BOUND('',#687,.T.);
#687 = EDGE_LOOP('',(#688,#696,#697,#705));
#688 = ORIENTED_EDGE('',*,*,#689,.T.);
#689 = EDGE_CURVE('',#690,#168,#692,.T.);
#690 = VERTEX_POINT('',#691);
#691 = CARTESIAN_POINT('',(-26.7003967266,-41.5,50.2));
#692 = LINE('',#693,#694);
#693 = CARTESIAN_POINT('',(-26.7003967266,-41.5,50.2));
#694 = VECTOR('',#695,1.);
#695 = DIRECTION('',(1.,-6.7E-16,-3.3E-16));
#696 = ORIENTED_EDGE('',*,*,#167,.T.);
#697 = ORIENTED_EDGE('',*,*,#698,.F.);
#698 = EDGE_CURVE('',#699,#170,#701,.T.);
#699 = VERTEX_POINT('',#700);
#700 = CARTESIAN_POINT('',(-26.7003967266,-22.5,50.2));
#701 = LINE('',#702,#703);
#702 = CARTESIAN_POINT('',(9.299603273397,-22.5,50.2));
#703 = VECTOR('',#704,1.);
#704 = DIRECTION('',(1.,-6.7E-16,-3.3E-16));
#705 = ORIENTED_EDGE('',*,*,#706,.F.);
#706 = EDGE_CURVE('',#690,#699,#707,.T.);
#707 = LINE('',#708,#709);
#708 = CARTESIAN_POINT('',(-26.7003967266,-41.5,50.2));
#709 = VECTOR('',#710,1.);
#710 = DIRECTION('',(-1.55E-15,1.,-1.22E-15));
#711 = FACE_BOUND('',#712,.T.);
#712 = EDGE_LOOP('',(#713));
#713 = ORIENTED_EDGE('',*,*,#714,.F.);
#714 = EDGE_CURVE('',#715,#715,#717,.T.);
#715 = VERTEX_POINT('',#716);
#716 = CARTESIAN_POINT('',(-14.0003967266,-33.5,50.2));
#717 = CIRCLE('',#718,3.7);
#718 = AXIS2_PLACEMENT_3D('',#719,#720,#721);
#719 = CARTESIAN_POINT('',(-17.7003967266,-33.5,50.2));
#720 = DIRECTION('',(3.3E-16,7.8E-16,1.));
#721 = DIRECTION('',(1.,-4.4E-16,-3.3E-16));
#722 = FACE_BOUND('',#723,.T.);
#723 = EDGE_LOOP('',(#724));
#724 = ORIENTED_EDGE('',*,*,#725,.F.);
#725 = EDGE_CURVE('',#726,#726,#728,.T.);
#726 = VERTEX_POINT('',#727);
#727 = CARTESIAN_POINT('',(3.999603273397,-33.5,50.2));
#728 = CIRCLE('',#729,3.7);
#729 = AXIS2_PLACEMENT_3D('',#730,#731,#732);
#730 = CARTESIAN_POINT('',(0.299603273397,-33.5,50.2));
#731 = DIRECTION('',(3.3E-16,7.8E-16,1.));
#732 = DIRECTION('',(1.,-4.4E-16,-3.3E-16));
#733 = FACE_BOUND('',#734,.T.);
#734 = EDGE_LOOP('',(#735));
#735 = ORIENTED_EDGE('',*,*,#736,.F.);
#736 = EDGE_CURVE('',#737,#737,#739,.T.);
#737 = VERTEX_POINT('',#738);
#738 = CARTESIAN_POINT('',(21.999603273397,-33.5,50.2));
#739 = CIRCLE('',#740,3.7);
#740 = AXIS2_PLACEMENT_3D('',#741,#742,#743);
#741 = CARTESIAN_POINT('',(18.299603273397,-33.5,50.2));
#742 = DIRECTION('',(3.3E-16,7.8E-16,1.));
#743 = DIRECTION('',(1.,-4.4E-16,-3.3E-16));
#744 = PLANE('',#745);
#745 = AXIS2_PLACEMENT_3D('',#746,#747,#748);
#746 = CARTESIAN_POINT('',(0.299603273397,-32.,50.2));
#747 = DIRECTION('',(4.2E-16,1.12E-15,1.));
#748 = DIRECTION('',(0.,1.,-1.12E-15));
#749 = ADVANCED_FACE('',(#750),#784,.T.);
#750 = FACE_BOUND('',#751,.T.);
#751 = EDGE_LOOP('',(#752,#762,#770,#778));
#752 = ORIENTED_EDGE('',*,*,#753,.T.);
#753 = EDGE_CURVE('',#754,#756,#758,.T.);
#754 = VERTEX_POINT('',#755);
#755 = CARTESIAN_POINT('',(-13.2003967266,-5.392559109551,66.6425));
#756 = VERTEX_POINT('',#757);
#757 = CARTESIAN_POINT('',(-22.2003967266,-5.392559109551,66.6425));
#758 = LINE('',#759,#760);
#759 = CARTESIAN_POINT('',(-24.7003967266,-5.392559109551,66.6425));
#760 = VECTOR('',#761,1.);
#761 = DIRECTION('',(-1.,-8.E-17,-2.3E-16));
#762 = ORIENTED_EDGE('',*,*,#763,.T.);
#763 = EDGE_CURVE('',#756,#764,#766,.T.);
#764 = VERTEX_POINT('',#765);
#765 = CARTESIAN_POINT('',(-22.2003967266,-7.996085926142,
    66.642479552083));
#766 = LINE('',#767,#768);
#767 = CARTESIAN_POINT('',(-22.2003967266,10.,66.6425));
#768 = VECTOR('',#769,1.);
#769 = DIRECTION('',(1.22E-15,-1.,1.E-15));
#770 = ORIENTED_EDGE('',*,*,#771,.T.);
#771 = EDGE_CURVE('',#764,#772,#774,.T.);
#772 = VERTEX_POINT('',#773);
#773 = CARTESIAN_POINT('',(-13.2003967266,-7.996085926142,
    66.642479552083));
#774 = LINE('',#775,#776);
#775 = CARTESIAN_POINT('',(-26.7003967266,-7.996085926142,
    66.642459104167));
#776 = VECTOR('',#777,1.);
#777 = DIRECTION('',(1.,-6.7E-16,-3.3E-16));
#778 = ORIENTED_EDGE('',*,*,#779,.T.);
#779 = EDGE_CURVE('',#772,#754,#780,.T.);
#780 = LINE('',#781,#782);
#781 = CARTESIAN_POINT('',(-13.2003967266,-10.,66.6425));
#782 = VECTOR('',#783,1.);
#783 = DIRECTION('',(-1.22E-15,1.,-1.E-15));
#784 = PLANE('',#785);
#785 = AXIS2_PLACEMENT_3D('',#786,#787,#788);
#786 = CARTESIAN_POINT('',(-17.7003967266,-5.179E-14,66.6425));
#787 = DIRECTION('',(-1.33E-15,-7.8E-16,1.));
#788 = DIRECTION('',(1.,-5.6E-16,1.33E-15));
#789 = ADVANCED_FACE('',(#790),#826,.T.);
#790 = FACE_BOUND('',#791,.T.);
#791 = EDGE_LOOP('',(#792,#793,#802,#810,#819));
#792 = ORIENTED_EDGE('',*,*,#763,.F.);
#793 = ORIENTED_EDGE('',*,*,#794,.T.);
#794 = EDGE_CURVE('',#756,#795,#797,.T.);
#795 = VERTEX_POINT('',#796);
#796 = CARTESIAN_POINT('',(-22.2003967266,3.842505208337,68.110272161304
    ));
#797 = CIRCLE('',#798,6.8);
#798 = AXIS2_PLACEMENT_3D('',#799,#800,#801);
#799 = CARTESIAN_POINT('',(-22.2003967266,1.088944443027E-15,62.5));
#800 = DIRECTION('',(-1.,-1.55563491861E-16,-4.666904755831E-16));
#801 = DIRECTION('',(2.2E-16,0.707106781187,-0.707106781187));
#802 = ORIENTED_EDGE('',*,*,#803,.F.);
#803 = EDGE_CURVE('',#804,#795,#806,.T.);
#804 = VERTEX_POINT('',#805);
#805 = CARTESIAN_POINT('',(-22.2003967266,3.986306458211,68.254073411178
    ));
#806 = LINE('',#807,#808);
#807 = CARTESIAN_POINT('',(-22.2003967266,4.48451468597,68.752281638936)
  );
#808 = VECTOR('',#809,1.);
#809 = DIRECTION('',(3.3E-16,-0.707106781187,-0.707106781187));
#810 = ORIENTED_EDGE('',*,*,#811,.F.);
#811 = EDGE_CURVE('',#812,#804,#814,.T.);
#812 = VERTEX_POINT('',#813);
#813 = CARTESIAN_POINT('',(-22.2003967266,-4.25,68.062148865322));
#814 = CIRCLE('',#815,7.);
#815 = AXIS2_PLACEMENT_3D('',#816,#817,#818);
#816 = CARTESIAN_POINT('',(-22.2003967266,-2.326E-14,62.5));
#817 = DIRECTION('',(-1.,-7.8E-16,-1.44E-15));
#818 = DIRECTION('',(-7.8E-16,1.,-1.33E-15));
#819 = ORIENTED_EDGE('',*,*,#820,.T.);
#820 = EDGE_CURVE('',#812,#764,#821,.T.);
#821 = CIRCLE('',#822,7.);
#822 = AXIS2_PLACEMENT_3D('',#823,#824,#825);
#823 = CARTESIAN_POINT('',(-22.2003967266,-8.5,73.624297730644));
#824 = DIRECTION('',(-1.,-7.8E-16,-1.44E-15));
#825 = DIRECTION('',(-7.8E-16,1.,-1.33E-15));
#826 = PLANE('',#827);
#827 = AXIS2_PLACEMENT_3D('',#828,#829,#830);
#828 = CARTESIAN_POINT('',(-22.2003967266,10.,66.6425));
#829 = DIRECTION('',(1.,-3.3E-16,0.));
#830 = DIRECTION('',(-3.3E-16,-1.,1.E-15));
#831 = ADVANCED_FACE('',(#832),#974,.F.);
#832 = FACE_BOUND('',#833,.T.);
#833 = EDGE_LOOP('',(#834,#835,#843,#852,#860,#869,#878,#887,#895,#904,
    #912,#920,#928,#936,#944,#952,#960,#968));
#834 = ORIENTED_EDGE('',*,*,#706,.T.);
#835 = ORIENTED_EDGE('',*,*,#836,.T.);
#836 = EDGE_CURVE('',#699,#837,#839,.T.);
#837 = VERTEX_POINT('',#838);
#838 = CARTESIAN_POINT('',(-26.7003967266,-22.5,64.2));
#839 = LINE('',#840,#841);
#840 = CARTESIAN_POINT('',(-26.7003967266,-22.5,50.2));
#841 = VECTOR('',#842,1.);
#842 = DIRECTION('',(-1.67E-15,-1.E-15,1.));
#843 = ORIENTED_EDGE('',*,*,#844,.F.);
#844 = EDGE_CURVE('',#845,#837,#847,.T.);
#845 = VERTEX_POINT('',#846);
#846 = CARTESIAN_POINT('',(-26.7003967266,-21.10798158725,
    65.696108277102));
#847 = CIRCLE('',#848,1.5);
#848 = AXIS2_PLACEMENT_3D('',#849,#850,#851);
#849 = CARTESIAN_POINT('',(-26.7003967266,-21.,64.2));
#850 = DIRECTION('',(1.,1.55E-15,1.67E-15));
#851 = DIRECTION('',(-1.55E-15,1.,-1.22E-15));
#852 = ORIENTED_EDGE('',*,*,#853,.T.);
#853 = EDGE_CURVE('',#845,#854,#856,.T.);
#854 = VERTEX_POINT('',#855);
#855 = CARTESIAN_POINT('',(-26.7003967266,-7.996085926142,
    66.642459104166));
#856 = LINE('',#857,#858);
#857 = CARTESIAN_POINT('',(-26.7003967266,-21.10798158725,
    65.696108277102));
#858 = VECTOR('',#859,1.);
#859 = DIRECTION('',(-1.67E-15,0.997405518068,7.198772483688E-02));
#860 = ORIENTED_EDGE('',*,*,#861,.T.);
#861 = EDGE_CURVE('',#854,#862,#864,.T.);
#862 = VERTEX_POINT('',#863);
#863 = CARTESIAN_POINT('',(-26.7003967266,-4.25,68.062148865322));
#864 = CIRCLE('',#865,7.);
#865 = AXIS2_PLACEMENT_3D('',#866,#867,#868);
#866 = CARTESIAN_POINT('',(-26.7003967266,-8.5,73.624297730644));
#867 = DIRECTION('',(1.,1.55E-15,1.67E-15));
#868 = DIRECTION('',(-1.55E-15,1.,-1.22E-15));
#869 = ORIENTED_EDGE('',*,*,#870,.F.);
#870 = EDGE_CURVE('',#871,#862,#873,.T.);
#871 = VERTEX_POINT('',#872);
#872 = CARTESIAN_POINT('',(-26.7003967266,4.25,68.062148865322));
#873 = CIRCLE('',#874,7.);
#874 = AXIS2_PLACEMENT_3D('',#875,#876,#877);
#875 = CARTESIAN_POINT('',(-26.7003967266,-6.645E-14,62.5));
#876 = DIRECTION('',(1.,1.55E-15,1.67E-15));
#877 = DIRECTION('',(-1.55E-15,1.,-1.22E-15));
#878 = ORIENTED_EDGE('',*,*,#879,.T.);
#879 = EDGE_CURVE('',#871,#880,#882,.T.);
#880 = VERTEX_POINT('',#881);
#881 = CARTESIAN_POINT('',(-26.7003967266,7.996085926142,66.642459104166
    ));
#882 = CIRCLE('',#883,7.);
#883 = AXIS2_PLACEMENT_3D('',#884,#885,#886);
#884 = CARTESIAN_POINT('',(-26.7003967266,8.5,73.624297730644));
#885 = DIRECTION('',(1.,1.55E-15,1.67E-15));
#886 = DIRECTION('',(-1.55E-15,1.,-1.22E-15));
#887 = ORIENTED_EDGE('',*,*,#888,.T.);
#888 = EDGE_CURVE('',#880,#889,#891,.T.);
#889 = VERTEX_POINT('',#890);
#890 = CARTESIAN_POINT('',(-26.7003967266,21.107981587255,
    65.696108277102));
#891 = LINE('',#892,#893);
#892 = CARTESIAN_POINT('',(-26.7003967266,7.996085926142,66.642459104167
    ));
#893 = VECTOR('',#894,1.);
#894 = DIRECTION('',(-1.43E-15,0.997405518068,-7.198772483688E-02));
#895 = ORIENTED_EDGE('',*,*,#896,.F.);
#896 = EDGE_CURVE('',#897,#889,#899,.T.);
#897 = VERTEX_POINT('',#898);
#898 = CARTESIAN_POINT('',(-26.7003967266,22.5,64.2));
#899 = CIRCLE('',#900,1.5);
#900 = AXIS2_PLACEMENT_3D('',#901,#902,#903);
#901 = CARTESIAN_POINT('',(-26.7003967266,21.,64.2));
#902 = DIRECTION('',(1.,1.55E-15,1.67E-15));
#903 = DIRECTION('',(-1.55E-15,1.,-1.22E-15));
#904 = ORIENTED_EDGE('',*,*,#905,.T.);
#905 = EDGE_CURVE('',#897,#906,#908,.T.);
#906 = VERTEX_POINT('',#907);
#907 = CARTESIAN_POINT('',(-26.7003967266,22.5,50.2));
#908 = LINE('',#909,#910);
#909 = CARTESIAN_POINT('',(-26.7003967266,22.5,64.2));
#910 = VECTOR('',#911,1.);
#911 = DIRECTION('',(1.67E-15,1.25E-15,-1.));
#912 = ORIENTED_EDGE('',*,*,#913,.T.);
#913 = EDGE_CURVE('',#906,#914,#916,.T.);
#914 = VERTEX_POINT('',#915);
#915 = CARTESIAN_POINT('',(-26.7003967266,41.5,50.2));
#916 = LINE('',#917,#918);
#917 = CARTESIAN_POINT('',(-26.7003967266,22.5,50.2));
#918 = VECTOR('',#919,1.);
#919 = DIRECTION('',(-1.55E-15,1.,-1.22E-15));
#920 = ORIENTED_EDGE('',*,*,#921,.T.);
#921 = EDGE_CURVE('',#914,#922,#924,.T.);
#922 = VERTEX_POINT('',#923);
#923 = CARTESIAN_POINT('',(-26.7003967266,41.5,-7.9E-14));
#924 = LINE('',#925,#926);
#925 = CARTESIAN_POINT('',(-26.7003967266,41.5,50.2));
#926 = VECTOR('',#927,1.);
#927 = DIRECTION('',(1.67E-15,1.E-15,-1.));
#928 = ORIENTED_EDGE('',*,*,#929,.T.);
#929 = EDGE_CURVE('',#922,#930,#932,.T.);
#930 = VERTEX_POINT('',#931);
#931 = CARTESIAN_POINT('',(-26.7003967266,17.5,-3.6E-14));
#932 = LINE('',#933,#934);
#933 = CARTESIAN_POINT('',(-26.7003967266,41.5,-2.84217094304E-14));
#934 = VECTOR('',#935,1.);
#935 = DIRECTION('',(1.55E-15,-1.,1.22E-15));
#936 = ORIENTED_EDGE('',*,*,#937,.T.);
#937 = EDGE_CURVE('',#930,#938,#940,.T.);
#938 = VERTEX_POINT('',#939);
#939 = CARTESIAN_POINT('',(-26.7003967266,17.5,6.2));
#940 = LINE('',#941,#942);
#941 = CARTESIAN_POINT('',(-26.7003967266,17.5,1.7763568394E-15));
#942 = VECTOR('',#943,1.);
#943 = DIRECTION('',(-1.67E-15,-1.E-15,1.));
#944 = ORIENTED_EDGE('',*,*,#945,.T.);
#945 = EDGE_CURVE('',#938,#946,#948,.T.);
#946 = VERTEX_POINT('',#947);
#947 = CARTESIAN_POINT('',(-26.7003967266,-17.5,6.2));
#948 = LINE('',#949,#950);
#949 = CARTESIAN_POINT('',(-26.7003967266,17.5,6.2));
#950 = VECTOR('',#951,1.);
#951 = DIRECTION('',(1.55E-15,-1.,1.22E-15));
#952 = ORIENTED_EDGE('',*,*,#953,.T.);
#953 = EDGE_CURVE('',#946,#954,#956,.T.);
#954 = VERTEX_POINT('',#955);
#955 = CARTESIAN_POINT('',(-26.7003967266,-17.5,2.6E-14));
#956 = LINE('',#957,#958);
#957 = CARTESIAN_POINT('',(-26.7003967266,-17.5,6.2));
#958 = VECTOR('',#959,1.);
#959 = DIRECTION('',(1.67E-15,1.E-15,-1.));
#960 = ORIENTED_EDGE('',*,*,#961,.T.);
#961 = EDGE_CURVE('',#954,#962,#964,.T.);
#962 = VERTEX_POINT('',#963);
#963 = CARTESIAN_POINT('',(-26.7003967266,-41.5,6.9E-14));
#964 = LINE('',#965,#966);
#965 = CARTESIAN_POINT('',(-26.7003967266,-17.5,4.440892098501E-14));
#966 = VECTOR('',#967,1.);
#967 = DIRECTION('',(1.55E-15,-1.,1.22E-15));
#968 = ORIENTED_EDGE('',*,*,#969,.T.);
#969 = EDGE_CURVE('',#962,#690,#970,.T.);
#970 = LINE('',#971,#972);
#971 = CARTESIAN_POINT('',(-26.7003967266,-41.5,7.460698725481E-14));
#972 = VECTOR('',#973,1.);
#973 = DIRECTION('',(-1.67E-15,-1.E-15,1.));
#974 = PLANE('',#975);
#975 = AXIS2_PLACEMENT_3D('',#976,#977,#978);
#976 = CARTESIAN_POINT('',(-26.7003967266,-3.459E-14,30.620651445437));
#977 = DIRECTION('',(1.,-6.7E-16,-5.6E-16));
#978 = DIRECTION('',(5.6E-16,-1.E-15,1.));
#979 = ADVANCED_FACE('',(#980),#996,.F.);
#980 = FACE_BOUND('',#981,.T.);
#981 = EDGE_LOOP('',(#982,#983,#989,#990));
#982 = ORIENTED_EDGE('',*,*,#861,.F.);
#983 = ORIENTED_EDGE('',*,*,#984,.T.);
#984 = EDGE_CURVE('',#854,#764,#985,.T.);
#985 = LINE('',#986,#987);
#986 = CARTESIAN_POINT('',(-26.7003967266,-7.996085926142,
    66.642459104167));
#987 = VECTOR('',#988,1.);
#988 = DIRECTION('',(1.,-6.7E-16,-3.3E-16));
#989 = ORIENTED_EDGE('',*,*,#820,.F.);
#990 = ORIENTED_EDGE('',*,*,#991,.F.);
#991 = EDGE_CURVE('',#862,#812,#992,.T.);
#992 = LINE('',#993,#994);
#993 = CARTESIAN_POINT('',(-26.7003967266,-4.25,68.062148865322));
#994 = VECTOR('',#995,1.);
#995 = DIRECTION('',(1.,-6.7E-16,-3.3E-16));
#996 = CYLINDRICAL_SURFACE('',#997,7.);
#997 = AXIS2_PLACEMENT_3D('',#998,#999,#1000);
#998 = CARTESIAN_POINT('',(-26.7003967266,-8.5,73.624297730644));
#999 = DIRECTION('',(-1.,4.4E-16,1.1E-16));
#1000 = DIRECTION('',(4.4E-16,1.,-1.22E-15));
#1001 = ADVANCED_FACE('',(#1002),#1022,.T.);
#1002 = FACE_BOUND('',#1003,.F.);
#1003 = EDGE_LOOP('',(#1004,#1005,#1013,#1020,#1021));
#1004 = ORIENTED_EDGE('',*,*,#870,.F.);
#1005 = ORIENTED_EDGE('',*,*,#1006,.T.);
#1006 = EDGE_CURVE('',#871,#1007,#1009,.T.);
#1007 = VERTEX_POINT('',#1008);
#1008 = CARTESIAN_POINT('',(-22.2003967266,4.25,68.062148865322));
#1009 = LINE('',#1010,#1011);
#1010 = CARTESIAN_POINT('',(-26.7003967266,4.25,68.062148865322));
#1011 = VECTOR('',#1012,1.);
#1012 = DIRECTION('',(1.,-6.7E-16,-3.3E-16));
#1013 = ORIENTED_EDGE('',*,*,#1014,.F.);
#1014 = EDGE_CURVE('',#804,#1007,#1015,.T.);
#1015 = CIRCLE('',#1016,7.);
#1016 = AXIS2_PLACEMENT_3D('',#1017,#1018,#1019);
#1017 = CARTESIAN_POINT('',(-22.2003967266,-2.326E-14,62.5));
#1018 = DIRECTION('',(-1.,-7.8E-16,-1.44E-15));
#1019 = DIRECTION('',(-7.8E-16,1.,-1.33E-15));
#1020 = ORIENTED_EDGE('',*,*,#811,.F.);
#1021 = ORIENTED_EDGE('',*,*,#991,.F.);
#1022 = CYLINDRICAL_SURFACE('',#1023,7.);
#1023 = AXIS2_PLACEMENT_3D('',#1024,#1025,#1026);
#1024 = CARTESIAN_POINT('',(-26.7003967266,-4.258E-14,62.5));
#1025 = DIRECTION('',(-1.,4.4E-16,1.1E-16));
#1026 = DIRECTION('',(4.4E-16,1.,-1.22E-15));
#1027 = ADVANCED_FACE('',(#1028),#1056,.F.);
#1028 = FACE_BOUND('',#1029,.T.);
#1029 = EDGE_LOOP('',(#1030,#1031,#1032,#1041,#1050));
#1030 = ORIENTED_EDGE('',*,*,#879,.F.);
#1031 = ORIENTED_EDGE('',*,*,#1006,.T.);
#1032 = ORIENTED_EDGE('',*,*,#1033,.F.);
#1033 = EDGE_CURVE('',#1034,#1007,#1036,.T.);
#1034 = VERTEX_POINT('',#1035);
#1035 = CARTESIAN_POINT('',(-22.2003967266,6.26010606269,66.992339109723
    ));
#1036 = CIRCLE('',#1037,7.);
#1037 = AXIS2_PLACEMENT_3D('',#1038,#1039,#1040);
#1038 = CARTESIAN_POINT('',(-22.2003967266,8.5,73.624297730644));
#1039 = DIRECTION('',(-1.,-7.8E-16,-1.44E-15));
#1040 = DIRECTION('',(-7.8E-16,1.,-1.33E-15));
#1041 = ORIENTED_EDGE('',*,*,#1042,.F.);
#1042 = EDGE_CURVE('',#1043,#1034,#1045,.T.);
#1043 = VERTEX_POINT('',#1044);
#1044 = CARTESIAN_POINT('',(-22.2003967266,7.996085926142,
    66.642479552083));
#1045 = CIRCLE('',#1046,7.);
#1046 = AXIS2_PLACEMENT_3D('',#1047,#1048,#1049);
#1047 = CARTESIAN_POINT('',(-22.2003967266,8.5,73.624297730644));
#1048 = DIRECTION('',(-1.,-7.8E-16,-1.44E-15));
#1049 = DIRECTION('',(-7.8E-16,1.,-1.33E-15));
#1050 = ORIENTED_EDGE('',*,*,#1051,.F.);
#1051 = EDGE_CURVE('',#880,#1043,#1052,.T.);
#1052 = LINE('',#1053,#1054);
#1053 = CARTESIAN_POINT('',(-26.7003967266,7.996085926142,
    66.642459104166));
#1054 = VECTOR('',#1055,1.);
#1055 = DIRECTION('',(1.,-6.7E-16,-3.3E-16));
#1056 = CYLINDRICAL_SURFACE('',#1057,7.);
#1057 = AXIS2_PLACEMENT_3D('',#1058,#1059,#1060);
#1058 = CARTESIAN_POINT('',(-26.7003967266,8.5,73.624297730644));
#1059 = DIRECTION('',(-1.,4.4E-16,1.1E-16));
#1060 = DIRECTION('',(4.4E-16,1.,-1.22E-15));
#1061 = ADVANCED_FACE('',(#1062),#1088,.T.);
#1062 = FACE_BOUND('',#1063,.T.);
#1063 = EDGE_LOOP('',(#1064,#1072,#1080,#1086,#1087));
#1064 = ORIENTED_EDGE('',*,*,#1065,.F.);
#1065 = EDGE_CURVE('',#1066,#804,#1068,.T.);
#1066 = VERTEX_POINT('',#1067);
#1067 = CARTESIAN_POINT('',(-22.2003967266,5.126524163602,
    69.394291116569));
#1068 = LINE('',#1069,#1070);
#1069 = CARTESIAN_POINT('',(-22.2003967266,4.48451468597,68.752281638936
    ));
#1070 = VECTOR('',#1071,1.);
#1071 = DIRECTION('',(3.3E-16,-0.707106781187,-0.707106781187));
#1072 = ORIENTED_EDGE('',*,*,#1073,.T.);
#1073 = EDGE_CURVE('',#1066,#1074,#1076,.T.);
#1074 = VERTEX_POINT('',#1075);
#1075 = CARTESIAN_POINT('',(-22.2003967266,6.894291116569,
    67.626524163602));
#1076 = LINE('',#1077,#1078);
#1077 = CARTESIAN_POINT('',(-22.2003967266,-20.41364984996,
    94.934465130133));
#1078 = VECTOR('',#1079,1.);
#1079 = DIRECTION('',(0.,0.707106781187,-0.707106781187));
#1080 = ORIENTED_EDGE('',*,*,#1081,.T.);
#1081 = EDGE_CURVE('',#1074,#1034,#1082,.T.);
#1082 = LINE('',#1083,#1084);
#1083 = CARTESIAN_POINT('',(-22.2003967266,6.252281638936,66.98451468597
    ));
#1084 = VECTOR('',#1085,1.);
#1085 = DIRECTION('',(3.3E-16,-0.707106781187,-0.707106781187));
#1086 = ORIENTED_EDGE('',*,*,#1033,.T.);
#1087 = ORIENTED_EDGE('',*,*,#1014,.F.);
#1088 = PLANE('',#1089);
#1089 = AXIS2_PLACEMENT_3D('',#1090,#1091,#1092);
#1090 = CARTESIAN_POINT('',(-22.2003967266,-20.41364984996,
    94.934465130133));
#1091 = DIRECTION('',(-1.,-2.333452377916E-16,-2.333452377916E-16));
#1092 = DIRECTION('',(3.3E-16,-0.707106781187,-0.707106781187));
#1093 = ADVANCED_FACE('',(#1094),#1111,.T.);
#1094 = FACE_BOUND('',#1095,.T.);
#1095 = EDGE_LOOP('',(#1096,#1104,#1105));
#1096 = ORIENTED_EDGE('',*,*,#1097,.F.);
#1097 = EDGE_CURVE('',#1043,#1098,#1100,.T.);
#1098 = VERTEX_POINT('',#1099);
#1099 = CARTESIAN_POINT('',(-22.2003967266,5.910266952967,66.6425));
#1100 = LINE('',#1101,#1102);
#1101 = CARTESIAN_POINT('',(-22.2003967266,10.,66.6425));
#1102 = VECTOR('',#1103,1.);
#1103 = DIRECTION('',(1.22E-15,-1.,1.E-15));
#1104 = ORIENTED_EDGE('',*,*,#1042,.T.);
#1105 = ORIENTED_EDGE('',*,*,#1106,.T.);
#1106 = EDGE_CURVE('',#1034,#1098,#1107,.T.);
#1107 = LINE('',#1108,#1109);
#1108 = CARTESIAN_POINT('',(-22.2003967266,6.252281638936,66.98451468597
    ));
#1109 = VECTOR('',#1110,1.);
#1110 = DIRECTION('',(3.3E-16,-0.707106781187,-0.707106781187));
#1111 = PLANE('',#1112);
#1112 = AXIS2_PLACEMENT_3D('',#1113,#1114,#1115);
#1113 = CARTESIAN_POINT('',(-22.2003967266,10.,66.6425));
#1114 = DIRECTION('',(1.,-3.3E-16,0.));
#1115 = DIRECTION('',(-3.3E-16,-1.,1.E-15));
#1116 = ADVANCED_FACE('',(#1117),#1142,.T.);
#1117 = FACE_BOUND('',#1118,.T.);
#1118 = EDGE_LOOP('',(#1119,#1127,#1128,#1136));
#1119 = ORIENTED_EDGE('',*,*,#1120,.F.);
#1120 = EDGE_CURVE('',#1043,#1121,#1123,.T.);
#1121 = VERTEX_POINT('',#1122);
#1122 = CARTESIAN_POINT('',(-13.2003967266,7.996085926142,
    66.642479552083));
#1123 = LINE('',#1124,#1125);
#1124 = CARTESIAN_POINT('',(-26.7003967266,7.996085926142,
    66.642459104166));
#1125 = VECTOR('',#1126,1.);
#1126 = DIRECTION('',(1.,-6.7E-16,-3.3E-16));
#1127 = ORIENTED_EDGE('',*,*,#1097,.T.);
#1128 = ORIENTED_EDGE('',*,*,#1129,.T.);
#1129 = EDGE_CURVE('',#1098,#1130,#1132,.T.);
#1130 = VERTEX_POINT('',#1131);
#1131 = CARTESIAN_POINT('',(-13.2003967266,5.910266952967,66.6425));
#1132 = LINE('',#1133,#1134);
#1133 = CARTESIAN_POINT('',(-21.2003967266,5.910266952966,66.6425));
#1134 = VECTOR('',#1135,1.);
#1135 = DIRECTION('',(1.,1.49E-15,1.33E-15));
#1136 = ORIENTED_EDGE('',*,*,#1137,.T.);
#1137 = EDGE_CURVE('',#1130,#1121,#1138,.T.);
#1138 = LINE('',#1139,#1140);
#1139 = CARTESIAN_POINT('',(-13.2003967266,-10.,66.6425));
#1140 = VECTOR('',#1141,1.);
#1141 = DIRECTION('',(-1.22E-15,1.,-1.E-15));
#1142 = PLANE('',#1143);
#1143 = AXIS2_PLACEMENT_3D('',#1144,#1145,#1146);
#1144 = CARTESIAN_POINT('',(-17.7003967266,-5.179E-14,66.6425));
#1145 = DIRECTION('',(-1.33E-15,-7.8E-16,1.));
#1146 = DIRECTION('',(1.,-5.6E-16,1.33E-15));
#1147 = ADVANCED_FACE('',(#1148),#1167,.T.);
#1148 = FACE_BOUND('',#1149,.F.);
#1149 = EDGE_LOOP('',(#1150,#1151,#1152,#1160));
#1150 = ORIENTED_EDGE('',*,*,#753,.T.);
#1151 = ORIENTED_EDGE('',*,*,#794,.T.);
#1152 = ORIENTED_EDGE('',*,*,#1153,.T.);
#1153 = EDGE_CURVE('',#795,#1154,#1156,.T.);
#1154 = VERTEX_POINT('',#1155);
#1155 = CARTESIAN_POINT('',(-13.2003967266,3.842505208337,
    68.110272161304));
#1156 = LINE('',#1157,#1158);
#1157 = CARTESIAN_POINT('',(-24.7003967266,3.842505208337,
    68.110272161304));
#1158 = VECTOR('',#1159,1.);
#1159 = DIRECTION('',(1.,-2.333452377916E-16,2.333452377916E-16));
#1160 = ORIENTED_EDGE('',*,*,#1161,.F.);
#1161 = EDGE_CURVE('',#754,#1154,#1162,.T.);
#1162 = CIRCLE('',#1163,6.8);
#1163 = AXIS2_PLACEMENT_3D('',#1164,#1165,#1166);
#1164 = CARTESIAN_POINT('',(-13.2003967266,2.5031580054E-15,62.5));
#1165 = DIRECTION('',(-1.,-1.55563491861E-16,-4.666904755831E-16));
#1166 = DIRECTION('',(2.2E-16,0.707106781187,-0.707106781187));
#1167 = CYLINDRICAL_SURFACE('',#1168,6.8);
#1168 = AXIS2_PLACEMENT_3D('',#1169,#1170,#1171);
#1169 = CARTESIAN_POINT('',(-24.7003967266,1.244507934888E-15,62.5));
#1170 = DIRECTION('',(-1.,-7.778174593052E-17,-2.333452377916E-16));
#1171 = DIRECTION('',(1.1E-16,0.707106781187,-0.707106781187));
#1172 = ADVANCED_FACE('',(#1173),#1201,.T.);
#1173 = FACE_BOUND('',#1174,.T.);
#1174 = EDGE_LOOP('',(#1175,#1176,#1185,#1194,#1200));
#1175 = ORIENTED_EDGE('',*,*,#779,.F.);
#1176 = ORIENTED_EDGE('',*,*,#1177,.F.);
#1177 = EDGE_CURVE('',#1178,#772,#1180,.T.);
#1178 = VERTEX_POINT('',#1179);
#1179 = CARTESIAN_POINT('',(-13.2003967266,-4.25,68.062148865322));
#1180 = CIRCLE('',#1181,7.);
#1181 = AXIS2_PLACEMENT_3D('',#1182,#1183,#1184);
#1182 = CARTESIAN_POINT('',(-13.2003967266,-8.5,73.624297730644));
#1183 = DIRECTION('',(-1.,-7.8E-16,-1.44E-15));
#1184 = DIRECTION('',(-7.8E-16,1.,-1.33E-15));
#1185 = ORIENTED_EDGE('',*,*,#1186,.T.);
#1186 = EDGE_CURVE('',#1178,#1187,#1189,.T.);
#1187 = VERTEX_POINT('',#1188);
#1188 = CARTESIAN_POINT('',(-13.2003967266,3.986306458211,
    68.254073411178));
#1189 = CIRCLE('',#1190,7.);
#1190 = AXIS2_PLACEMENT_3D('',#1191,#1192,#1193);
#1191 = CARTESIAN_POINT('',(-13.2003967266,-2.826E-14,62.5));
#1192 = DIRECTION('',(-1.,-7.8E-16,-1.44E-15));
#1193 = DIRECTION('',(-7.8E-16,1.,-1.33E-15));
#1194 = ORIENTED_EDGE('',*,*,#1195,.F.);
#1195 = EDGE_CURVE('',#1154,#1187,#1196,.T.);
#1196 = LINE('',#1197,#1198);
#1197 = CARTESIAN_POINT('',(-13.2003967266,-1.879446344709,
    62.388320608257));
#1198 = VECTOR('',#1199,1.);
#1199 = DIRECTION('',(-3.3E-16,0.707106781187,0.707106781187));
#1200 = ORIENTED_EDGE('',*,*,#1161,.F.);
#1201 = PLANE('',#1202);
#1202 = AXIS2_PLACEMENT_3D('',#1203,#1204,#1205);
#1203 = CARTESIAN_POINT('',(-13.2003967266,-10.,66.6425));
#1204 = DIRECTION('',(-1.,3.3E-16,0.));
#1205 = DIRECTION('',(3.3E-16,1.,-1.E-15));
#1206 = ADVANCED_FACE('',(#1207),#1227,.T.);
#1207 = FACE_BOUND('',#1208,.T.);
#1208 = EDGE_LOOP('',(#1209,#1210,#1211,#1212,#1213,#1221));
#1209 = ORIENTED_EDGE('',*,*,#1065,.T.);
#1210 = ORIENTED_EDGE('',*,*,#803,.T.);
#1211 = ORIENTED_EDGE('',*,*,#1153,.T.);
#1212 = ORIENTED_EDGE('',*,*,#1195,.T.);
#1213 = ORIENTED_EDGE('',*,*,#1214,.T.);
#1214 = EDGE_CURVE('',#1187,#1215,#1217,.T.);
#1215 = VERTEX_POINT('',#1216);
#1216 = CARTESIAN_POINT('',(-13.2003967266,5.126524163602,
    69.394291116569));
#1217 = LINE('',#1218,#1219);
#1218 = CARTESIAN_POINT('',(-13.2003967266,-1.879446344709,
    62.388320608257));
#1219 = VECTOR('',#1220,1.);
#1220 = DIRECTION('',(-3.3E-16,0.707106781187,0.707106781187));
#1221 = ORIENTED_EDGE('',*,*,#1222,.F.);
#1222 = EDGE_CURVE('',#1066,#1215,#1223,.T.);
#1223 = LINE('',#1224,#1225);
#1224 = CARTESIAN_POINT('',(-24.7003967266,5.126524163602,
    69.394291116569));
#1225 = VECTOR('',#1226,1.);
#1226 = DIRECTION('',(1.,-2.333452377916E-16,2.333452377916E-16));
#1227 = PLANE('',#1228);
#1228 = AXIS2_PLACEMENT_3D('',#1229,#1230,#1231);
#1229 = CARTESIAN_POINT('',(-24.7003967266,3.842505208337,
    68.110272161304));
#1230 = DIRECTION('',(1.1E-16,-0.707106781187,0.707106781187));
#1231 = DIRECTION('',(-6.7E-16,0.707106781187,0.707106781187));
#1232 = ADVANCED_FACE('',(#1233),#1260,.F.);
#1233 = FACE_BOUND('',#1234,.F.);
#1234 = EDGE_LOOP('',(#1235,#1243,#1244,#1245,#1246,#1254));
#1235 = ORIENTED_EDGE('',*,*,#1236,.F.);
#1236 = EDGE_CURVE('',#1074,#1237,#1239,.T.);
#1237 = VERTEX_POINT('',#1238);
#1238 = CARTESIAN_POINT('',(-13.2003967266,6.894291116569,
    67.626524163602));
#1239 = LINE('',#1240,#1241);
#1240 = CARTESIAN_POINT('',(-24.7003967266,6.894291116569,
    67.626524163602));
#1241 = VECTOR('',#1242,1.);
#1242 = DIRECTION('',(1.,-2.333452377916E-16,2.333452377916E-16));
#1243 = ORIENTED_EDGE('',*,*,#1081,.T.);
#1244 = ORIENTED_EDGE('',*,*,#1106,.T.);
#1245 = ORIENTED_EDGE('',*,*,#1129,.T.);
#1246 = ORIENTED_EDGE('',*,*,#1247,.T.);
#1247 = EDGE_CURVE('',#1130,#1248,#1250,.T.);
#1248 = VERTEX_POINT('',#1249);
#1249 = CARTESIAN_POINT('',(-13.2003967266,6.26010606269,66.992339109723
    ));
#1250 = LINE('',#1251,#1252);
#1251 = CARTESIAN_POINT('',(-13.2003967266,-0.111679391743,
    60.620553655291));
#1252 = VECTOR('',#1253,1.);
#1253 = DIRECTION('',(-3.3E-16,0.707106781187,0.707106781187));
#1254 = ORIENTED_EDGE('',*,*,#1255,.T.);
#1255 = EDGE_CURVE('',#1248,#1237,#1256,.T.);
#1256 = LINE('',#1257,#1258);
#1257 = CARTESIAN_POINT('',(-13.2003967266,-0.111679391743,
    60.620553655291));
#1258 = VECTOR('',#1259,1.);
#1259 = DIRECTION('',(-3.3E-16,0.707106781187,0.707106781187));
#1260 = PLANE('',#1261);
#1261 = AXIS2_PLACEMENT_3D('',#1262,#1263,#1264);
#1262 = CARTESIAN_POINT('',(-24.7003967266,5.610272161304,
    66.342505208337));
#1263 = DIRECTION('',(1.1E-16,-0.707106781187,0.707106781187));
#1264 = DIRECTION('',(-6.7E-16,0.707106781187,0.707106781187));
#1265 = ADVANCED_FACE('',(#1266),#1291,.T.);
#1266 = FACE_BOUND('',#1267,.T.);
#1267 = EDGE_LOOP('',(#1268,#1269,#1277,#1285));
#1268 = ORIENTED_EDGE('',*,*,#1073,.F.);
#1269 = ORIENTED_EDGE('',*,*,#1270,.F.);
#1270 = EDGE_CURVE('',#1271,#1066,#1273,.T.);
#1271 = VERTEX_POINT('',#1272);
#1272 = CARTESIAN_POINT('',(-24.7003967266,5.126524163602,
    69.394291116569));
#1273 = LINE('',#1274,#1275);
#1274 = CARTESIAN_POINT('',(-24.7003967266,5.126524163602,
    69.394291116569));
#1275 = VECTOR('',#1276,1.);
#1276 = DIRECTION('',(1.,-2.333452377916E-16,2.333452377916E-16));
#1277 = ORIENTED_EDGE('',*,*,#1278,.T.);
#1278 = EDGE_CURVE('',#1271,#1279,#1281,.T.);
#1279 = VERTEX_POINT('',#1280);
#1280 = CARTESIAN_POINT('',(-24.7003967266,6.894291116569,
    67.626524163602));
#1281 = LINE('',#1282,#1283);
#1282 = CARTESIAN_POINT('',(-24.7003967266,-7.201621104938,
    81.722436385109));
#1283 = VECTOR('',#1284,1.);
#1284 = DIRECTION('',(4.4E-16,0.707106781187,-0.707106781187));
#1285 = ORIENTED_EDGE('',*,*,#1286,.T.);
#1286 = EDGE_CURVE('',#1279,#1074,#1287,.T.);
#1287 = LINE('',#1288,#1289);
#1288 = CARTESIAN_POINT('',(-24.7003967266,6.894291116569,
    67.626524163602));
#1289 = VECTOR('',#1290,1.);
#1290 = DIRECTION('',(1.,-2.333452377916E-16,2.333452377916E-16));
#1291 = PLANE('',#1292);
#1292 = AXIS2_PLACEMENT_3D('',#1293,#1294,#1295);
#1293 = CARTESIAN_POINT('',(-27.7003967266,-20.41364984996,
    94.934465130133));
#1294 = DIRECTION('',(1.1E-16,-0.707106781187,-0.707106781187));
#1295 = DIRECTION('',(1.,-7.778174593052E-17,2.333452377916E-16));
#1296 = ADVANCED_FACE('',(#1297),#1308,.T.);
#1297 = FACE_BOUND('',#1298,.T.);
#1298 = EDGE_LOOP('',(#1299,#1300,#1301));
#1299 = ORIENTED_EDGE('',*,*,#1137,.F.);
#1300 = ORIENTED_EDGE('',*,*,#1247,.T.);
#1301 = ORIENTED_EDGE('',*,*,#1302,.F.);
#1302 = EDGE_CURVE('',#1121,#1248,#1303,.T.);
#1303 = CIRCLE('',#1304,7.);
#1304 = AXIS2_PLACEMENT_3D('',#1305,#1306,#1307);
#1305 = CARTESIAN_POINT('',(-13.2003967266,8.5,73.624297730644));
#1306 = DIRECTION('',(-1.,-7.8E-16,-1.44E-15));
#1307 = DIRECTION('',(-7.8E-16,1.,-1.33E-15));
#1308 = PLANE('',#1309);
#1309 = AXIS2_PLACEMENT_3D('',#1310,#1311,#1312);
#1310 = CARTESIAN_POINT('',(-13.2003967266,-10.,66.6425));
#1311 = DIRECTION('',(-1.,3.3E-16,0.));
#1312 = DIRECTION('',(3.3E-16,1.,-1.E-15));
#1313 = ADVANCED_FACE('',(#1314),#1340,.T.);
#1314 = FACE_BOUND('',#1315,.T.);
#1315 = EDGE_LOOP('',(#1316,#1322,#1323,#1332,#1339));
#1316 = ORIENTED_EDGE('',*,*,#1317,.F.);
#1317 = EDGE_CURVE('',#1215,#1237,#1318,.T.);
#1318 = LINE('',#1319,#1320);
#1319 = CARTESIAN_POINT('',(-13.2003967266,-20.41364984996,
    94.934465130133));
#1320 = VECTOR('',#1321,1.);
#1321 = DIRECTION('',(0.,0.707106781187,-0.707106781187));
#1322 = ORIENTED_EDGE('',*,*,#1214,.F.);
#1323 = ORIENTED_EDGE('',*,*,#1324,.T.);
#1324 = EDGE_CURVE('',#1187,#1325,#1327,.T.);
#1325 = VERTEX_POINT('',#1326);
#1326 = CARTESIAN_POINT('',(-13.2003967266,4.25,68.062148865322));
#1327 = CIRCLE('',#1328,7.);
#1328 = AXIS2_PLACEMENT_3D('',#1329,#1330,#1331);
#1329 = CARTESIAN_POINT('',(-13.2003967266,-2.826E-14,62.5));
#1330 = DIRECTION('',(-1.,-7.8E-16,-1.44E-15));
#1331 = DIRECTION('',(-7.8E-16,1.,-1.33E-15));
#1332 = ORIENTED_EDGE('',*,*,#1333,.F.);
#1333 = EDGE_CURVE('',#1248,#1325,#1334,.T.);
#1334 = CIRCLE('',#1335,7.);
#1335 = AXIS2_PLACEMENT_3D('',#1336,#1337,#1338);
#1336 = CARTESIAN_POINT('',(-13.2003967266,8.5,73.624297730644));
#1337 = DIRECTION('',(-1.,-7.8E-16,-1.44E-15));
#1338 = DIRECTION('',(-7.8E-16,1.,-1.33E-15));
#1339 = ORIENTED_EDGE('',*,*,#1255,.T.);
#1340 = PLANE('',#1341);
#1341 = AXIS2_PLACEMENT_3D('',#1342,#1343,#1344);
#1342 = CARTESIAN_POINT('',(-13.2003967266,-33.14157191131,
    82.206543068775));
#1343 = DIRECTION('',(1.,2.333452377916E-16,2.333452377916E-16));
#1344 = DIRECTION('',(-3.3E-16,0.707106781187,0.707106781187));
#1345 = ADVANCED_FACE('',(#1346),#1403,.F.);
#1346 = FACE_BOUND('',#1347,.F.);
#1347 = EDGE_LOOP('',(#1348,#1356,#1357,#1365,#1373,#1381,#1389,#1397));
#1348 = ORIENTED_EDGE('',*,*,#1349,.F.);
#1349 = EDGE_CURVE('',#1271,#1350,#1352,.T.);
#1350 = VERTEX_POINT('',#1351);
#1351 = CARTESIAN_POINT('',(-24.7003967266,4.772970773009,
    71.162058069535));
#1352 = LINE('',#1353,#1354);
#1353 = CARTESIAN_POINT('',(-24.7003967266,5.126524163602,
    69.394291116569));
#1354 = VECTOR('',#1355,1.);
#1355 = DIRECTION('',(9.E-17,-0.196116135138,0.980580675691));
#1356 = ORIENTED_EDGE('',*,*,#1278,.T.);
#1357 = ORIENTED_EDGE('',*,*,#1358,.F.);
#1358 = EDGE_CURVE('',#1359,#1279,#1361,.T.);
#1359 = VERTEX_POINT('',#1360);
#1360 = CARTESIAN_POINT('',(-24.7003967266,8.662058069535,
    67.272970773009));
#1361 = LINE('',#1362,#1363);
#1362 = CARTESIAN_POINT('',(-24.7003967266,8.662058069535,
    67.272970773009));
#1363 = VECTOR('',#1364,1.);
#1364 = DIRECTION('',(8.3E-16,-0.980580675691,0.196116135138));
#1365 = ORIENTED_EDGE('',*,*,#1366,.F.);
#1366 = EDGE_CURVE('',#1367,#1359,#1369,.T.);
#1367 = VERTEX_POINT('',#1368);
#1368 = CARTESIAN_POINT('',(-24.7003967266,12.727922061358,
    71.692388155425));
#1369 = LINE('',#1370,#1371);
#1370 = CARTESIAN_POINT('',(-24.7003967266,12.727922061358,
    71.692388155425));
#1371 = VECTOR('',#1372,1.);
#1372 = DIRECTION('',(6.4E-16,-0.677056530821,-0.735931011762));
#1373 = ORIENTED_EDGE('',*,*,#1374,.F.);
#1374 = EDGE_CURVE('',#1375,#1367,#1377,.T.);
#1375 = VERTEX_POINT('',#1376);
#1376 = CARTESIAN_POINT('',(-24.7003967266,12.727922061358,
    73.106601717798));
#1377 = LINE('',#1378,#1379);
#1378 = CARTESIAN_POINT('',(-24.7003967266,12.727922061358,
    73.106601717798));
#1379 = VECTOR('',#1380,1.);
#1380 = DIRECTION('',(8.E-17,-8.326672684689E-16,-1.));
#1381 = ORIENTED_EDGE('',*,*,#1382,.F.);
#1382 = EDGE_CURVE('',#1383,#1375,#1385,.T.);
#1383 = VERTEX_POINT('',#1384);
#1384 = CARTESIAN_POINT('',(-24.7003967266,10.606601717798,
    75.227922061358));
#1385 = LINE('',#1386,#1387);
#1386 = CARTESIAN_POINT('',(-24.7003967266,10.606601717798,
    75.227922061358));
#1387 = VECTOR('',#1388,1.);
#1388 = DIRECTION('',(-5.6E-16,0.707106781187,-0.707106781187));
#1389 = ORIENTED_EDGE('',*,*,#1390,.F.);
#1390 = EDGE_CURVE('',#1391,#1383,#1393,.T.);
#1391 = VERTEX_POINT('',#1392);
#1392 = CARTESIAN_POINT('',(-24.7003967266,9.192388155425,
    75.227922061358));
#1393 = LINE('',#1394,#1395);
#1394 = CARTESIAN_POINT('',(-24.7003967266,9.192388155425,
    75.227922061358));
#1395 = VECTOR('',#1396,1.);
#1396 = DIRECTION('',(-8.6E-16,1.,-8.326672684689E-16));
#1397 = ORIENTED_EDGE('',*,*,#1398,.F.);
#1398 = EDGE_CURVE('',#1350,#1391,#1399,.T.);
#1399 = LINE('',#1400,#1401);
#1400 = CARTESIAN_POINT('',(-24.7003967266,4.772970773009,
    71.162058069535));
#1401 = VECTOR('',#1402,1.);
#1402 = DIRECTION('',(-6.9E-16,0.735931011762,0.677056530821));
#1403 = PLANE('',#1404);
#1404 = AXIS2_PLACEMENT_3D('',#1405,#1406,#1407);
#1405 = CARTESIAN_POINT('',(-24.7003967266,3.536540425088,
    66.036540425088));
#1406 = DIRECTION('',(1.,-3.889087296526E-16,7.778174593052E-17));
#1407 = DIRECTION('',(2.2E-16,0.707106781187,0.707106781187));
#1408 = ADVANCED_FACE('',(#1409),#1428,.F.);
#1409 = FACE_BOUND('',#1410,.F.);
#1410 = EDGE_LOOP('',(#1411,#1419,#1426,#1427));
#1411 = ORIENTED_EDGE('',*,*,#1412,.T.);
#1412 = EDGE_CURVE('',#715,#1413,#1415,.T.);
#1413 = VERTEX_POINT('',#1414);
#1414 = CARTESIAN_POINT('',(-14.0003967266,-33.5,47.2));
#1415 = LINE('',#1416,#1417);
#1416 = CARTESIAN_POINT('',(-14.0003967266,-33.5,50.2));
#1417 = VECTOR('',#1418,1.);
#1418 = DIRECTION('',(1.E-15,3.3E-16,-1.));
#1419 = ORIENTED_EDGE('',*,*,#1420,.T.);
#1420 = EDGE_CURVE('',#1413,#1413,#1421,.T.);
#1421 = CIRCLE('',#1422,3.7);
#1422 = AXIS2_PLACEMENT_3D('',#1423,#1424,#1425);
#1423 = CARTESIAN_POINT('',(-17.7003967266,-33.5,47.2));
#1424 = DIRECTION('',(3.3E-16,7.8E-16,1.));
#1425 = DIRECTION('',(1.,-4.4E-16,-3.3E-16));
#1426 = ORIENTED_EDGE('',*,*,#1412,.F.);
#1427 = ORIENTED_EDGE('',*,*,#714,.F.);
#1428 = CYLINDRICAL_SURFACE('',#1429,3.7);
#1429 = AXIS2_PLACEMENT_3D('',#1430,#1431,#1432);
#1430 = CARTESIAN_POINT('',(-17.7003967266,-33.5,50.2));
#1431 = DIRECTION('',(-7.8E-16,-1.1E-16,1.));
#1432 = DIRECTION('',(1.,-4.4E-16,7.8E-16));
#1433 = ADVANCED_FACE('',(#1434),#1437,.T.);
#1434 = FACE_BOUND('',#1435,.T.);
#1435 = EDGE_LOOP('',(#1436));
#1436 = ORIENTED_EDGE('',*,*,#1420,.T.);
#1437 = PLANE('',#1438);
#1438 = AXIS2_PLACEMENT_3D('',#1439,#1440,#1441);
#1439 = CARTESIAN_POINT('',(-17.7003967266,-1.376676550535E-14,47.2));
#1440 = DIRECTION('',(-1.E-15,-5.6E-16,1.));
#1441 = DIRECTION('',(1.,-4.4E-16,1.E-15));
#1442 = ADVANCED_FACE('',(#1443),#1462,.F.);
#1443 = FACE_BOUND('',#1444,.F.);
#1444 = EDGE_LOOP('',(#1445,#1453,#1460,#1461));
#1445 = ORIENTED_EDGE('',*,*,#1446,.T.);
#1446 = EDGE_CURVE('',#726,#1447,#1449,.T.);
#1447 = VERTEX_POINT('',#1448);
#1448 = CARTESIAN_POINT('',(3.999603273397,-33.5,47.2));
#1449 = LINE('',#1450,#1451);
#1450 = CARTESIAN_POINT('',(3.999603273397,-33.5,50.2));
#1451 = VECTOR('',#1452,1.);
#1452 = DIRECTION('',(1.E-15,3.3E-16,-1.));
#1453 = ORIENTED_EDGE('',*,*,#1454,.T.);
#1454 = EDGE_CURVE('',#1447,#1447,#1455,.T.);
#1455 = CIRCLE('',#1456,3.7);
#1456 = AXIS2_PLACEMENT_3D('',#1457,#1458,#1459);
#1457 = CARTESIAN_POINT('',(0.299603273397,-33.5,47.2));
#1458 = DIRECTION('',(3.3E-16,7.8E-16,1.));
#1459 = DIRECTION('',(1.,-4.4E-16,-3.3E-16));
#1460 = ORIENTED_EDGE('',*,*,#1446,.F.);
#1461 = ORIENTED_EDGE('',*,*,#725,.F.);
#1462 = CYLINDRICAL_SURFACE('',#1463,3.7);
#1463 = AXIS2_PLACEMENT_3D('',#1464,#1465,#1466);
#1464 = CARTESIAN_POINT('',(0.299603273397,-33.5,50.2));
#1465 = DIRECTION('',(-7.8E-16,-1.1E-16,1.));
#1466 = DIRECTION('',(1.,-4.4E-16,7.8E-16));
#1467 = ADVANCED_FACE('',(#1468),#1471,.T.);
#1468 = FACE_BOUND('',#1469,.T.);
#1469 = EDGE_LOOP('',(#1470));
#1470 = ORIENTED_EDGE('',*,*,#1454,.T.);
#1471 = PLANE('',#1472);
#1472 = AXIS2_PLACEMENT_3D('',#1473,#1474,#1475);
#1473 = CARTESIAN_POINT('',(0.299603273397,-1.376676550535E-14,47.2));
#1474 = DIRECTION('',(-1.E-15,-5.6E-16,1.));
#1475 = DIRECTION('',(1.,-4.4E-16,1.E-15));
#1476 = ADVANCED_FACE('',(#1477),#1496,.F.);
#1477 = FACE_BOUND('',#1478,.F.);
#1478 = EDGE_LOOP('',(#1479,#1487,#1494,#1495));
#1479 = ORIENTED_EDGE('',*,*,#1480,.T.);
#1480 = EDGE_CURVE('',#737,#1481,#1483,.T.);
#1481 = VERTEX_POINT('',#1482);
#1482 = CARTESIAN_POINT('',(21.999603273397,-33.5,47.2));
#1483 = LINE('',#1484,#1485);
#1484 = CARTESIAN_POINT('',(21.999603273397,-33.5,50.2));
#1485 = VECTOR('',#1486,1.);
#1486 = DIRECTION('',(1.E-15,3.3E-16,-1.));
#1487 = ORIENTED_EDGE('',*,*,#1488,.T.);
#1488 = EDGE_CURVE('',#1481,#1481,#1489,.T.);
#1489 = CIRCLE('',#1490,3.7);
#1490 = AXIS2_PLACEMENT_3D('',#1491,#1492,#1493);
#1491 = CARTESIAN_POINT('',(18.299603273397,-33.5,47.2));
#1492 = DIRECTION('',(3.3E-16,7.8E-16,1.));
#1493 = DIRECTION('',(1.,-4.4E-16,-3.3E-16));
#1494 = ORIENTED_EDGE('',*,*,#1480,.F.);
#1495 = ORIENTED_EDGE('',*,*,#736,.F.);
#1496 = CYLINDRICAL_SURFACE('',#1497,3.7);
#1497 = AXIS2_PLACEMENT_3D('',#1498,#1499,#1500);
#1498 = CARTESIAN_POINT('',(18.299603273397,-33.5,50.2));
#1499 = DIRECTION('',(-7.8E-16,-1.1E-16,1.));
#1500 = DIRECTION('',(1.,-4.4E-16,7.8E-16));
#1501 = ADVANCED_FACE('',(#1502),#1505,.T.);
#1502 = FACE_BOUND('',#1503,.T.);
#1503 = EDGE_LOOP('',(#1504));
#1504 = ORIENTED_EDGE('',*,*,#1488,.T.);
#1505 = PLANE('',#1506);
#1506 = AXIS2_PLACEMENT_3D('',#1507,#1508,#1509);
#1507 = CARTESIAN_POINT('',(18.299603273397,-1.376676550535E-14,47.2));
#1508 = DIRECTION('',(-1.E-15,-5.6E-16,1.));
#1509 = DIRECTION('',(1.,-4.4E-16,1.E-15));
#1510 = ADVANCED_FACE('',(#1511,#1527,#1538,#1549),#1560,.T.);
#1511 = FACE_BOUND('',#1512,.T.);
#1512 = EDGE_LOOP('',(#1513,#1519,#1520,#1526));
#1513 = ORIENTED_EDGE('',*,*,#1514,.T.);
#1514 = EDGE_CURVE('',#906,#247,#1515,.T.);
#1515 = LINE('',#1516,#1517);
#1516 = CARTESIAN_POINT('',(-26.7003967266,22.5,50.2));
#1517 = VECTOR('',#1518,1.);
#1518 = DIRECTION('',(1.,-6.7E-16,-3.3E-16));
#1519 = ORIENTED_EDGE('',*,*,#254,.T.);
#1520 = ORIENTED_EDGE('',*,*,#1521,.F.);
#1521 = EDGE_CURVE('',#914,#255,#1522,.T.);
#1522 = LINE('',#1523,#1524);
#1523 = CARTESIAN_POINT('',(9.299603273397,41.5,50.2));
#1524 = VECTOR('',#1525,1.);
#1525 = DIRECTION('',(1.,-6.7E-16,-3.3E-16));
#1526 = ORIENTED_EDGE('',*,*,#913,.F.);
#1527 = FACE_BOUND('',#1528,.T.);
#1528 = EDGE_LOOP('',(#1529));
#1529 = ORIENTED_EDGE('',*,*,#1530,.F.);
#1530 = EDGE_CURVE('',#1531,#1531,#1533,.T.);
#1531 = VERTEX_POINT('',#1532);
#1532 = CARTESIAN_POINT('',(-14.0003967266,33.5,50.2));
#1533 = CIRCLE('',#1534,3.7);
#1534 = AXIS2_PLACEMENT_3D('',#1535,#1536,#1537);
#1535 = CARTESIAN_POINT('',(-17.7003967266,33.5,50.2));
#1536 = DIRECTION('',(3.3E-16,7.8E-16,1.));
#1537 = DIRECTION('',(1.,-4.4E-16,-3.3E-16));
#1538 = FACE_BOUND('',#1539,.T.);
#1539 = EDGE_LOOP('',(#1540));
#1540 = ORIENTED_EDGE('',*,*,#1541,.F.);
#1541 = EDGE_CURVE('',#1542,#1542,#1544,.T.);
#1542 = VERTEX_POINT('',#1543);
#1543 = CARTESIAN_POINT('',(3.999603273397,33.5,50.2));
#1544 = CIRCLE('',#1545,3.7);
#1545 = AXIS2_PLACEMENT_3D('',#1546,#1547,#1548);
#1546 = CARTESIAN_POINT('',(0.299603273397,33.5,50.2));
#1547 = DIRECTION('',(3.3E-16,7.8E-16,1.));
#1548 = DIRECTION('',(1.,-4.4E-16,-3.3E-16));
#1549 = FACE_BOUND('',#1550,.T.);
#1550 = EDGE_LOOP('',(#1551));
#1551 = ORIENTED_EDGE('',*,*,#1552,.F.);
#1552 = EDGE_CURVE('',#1553,#1553,#1555,.T.);
#1553 = VERTEX_POINT('',#1554);
#1554 = CARTESIAN_POINT('',(21.999603273397,33.5,50.2));
#1555 = CIRCLE('',#1556,3.7);
#1556 = AXIS2_PLACEMENT_3D('',#1557,#1558,#1559);
#1557 = CARTESIAN_POINT('',(18.299603273397,33.5,50.2));
#1558 = DIRECTION('',(3.3E-16,7.8E-16,1.));
#1559 = DIRECTION('',(1.,-4.4E-16,-3.3E-16));
#1560 = PLANE('',#1561);
#1561 = AXIS2_PLACEMENT_3D('',#1562,#1563,#1564);
#1562 = CARTESIAN_POINT('',(0.299603273397,32.,50.2));
#1563 = DIRECTION('',(4.2E-16,1.12E-15,1.));
#1564 = DIRECTION('',(0.,1.,-1.12E-15));
#1565 = ADVANCED_FACE('',(#1566),#1585,.F.);
#1566 = FACE_BOUND('',#1567,.F.);
#1567 = EDGE_LOOP('',(#1568,#1576,#1583,#1584));
#1568 = ORIENTED_EDGE('',*,*,#1569,.T.);
#1569 = EDGE_CURVE('',#1531,#1570,#1572,.T.);
#1570 = VERTEX_POINT('',#1571);
#1571 = CARTESIAN_POINT('',(-14.0003967266,33.5,47.2));
#1572 = LINE('',#1573,#1574);
#1573 = CARTESIAN_POINT('',(-14.0003967266,33.5,50.2));
#1574 = VECTOR('',#1575,1.);
#1575 = DIRECTION('',(1.E-15,3.3E-16,-1.));
#1576 = ORIENTED_EDGE('',*,*,#1577,.T.);
#1577 = EDGE_CURVE('',#1570,#1570,#1578,.T.);
#1578 = CIRCLE('',#1579,3.7);
#1579 = AXIS2_PLACEMENT_3D('',#1580,#1581,#1582);
#1580 = CARTESIAN_POINT('',(-17.7003967266,33.5,47.2));
#1581 = DIRECTION('',(3.3E-16,7.8E-16,1.));
#1582 = DIRECTION('',(1.,-4.4E-16,-3.3E-16));
#1583 = ORIENTED_EDGE('',*,*,#1569,.F.);
#1584 = ORIENTED_EDGE('',*,*,#1530,.F.);
#1585 = CYLINDRICAL_SURFACE('',#1586,3.7);
#1586 = AXIS2_PLACEMENT_3D('',#1587,#1588,#1589);
#1587 = CARTESIAN_POINT('',(-17.7003967266,33.5,50.2));
#1588 = DIRECTION('',(-7.8E-16,-1.1E-16,1.));
#1589 = DIRECTION('',(1.,-4.4E-16,7.8E-16));
#1590 = ADVANCED_FACE('',(#1591),#1594,.T.);
#1591 = FACE_BOUND('',#1592,.T.);
#1592 = EDGE_LOOP('',(#1593));
#1593 = ORIENTED_EDGE('',*,*,#1577,.T.);
#1594 = PLANE('',#1595);
#1595 = AXIS2_PLACEMENT_3D('',#1596,#1597,#1598);
#1596 = CARTESIAN_POINT('',(-17.7003967266,-1.376676550535E-14,47.2));
#1597 = DIRECTION('',(-1.E-15,-5.6E-16,1.));
#1598 = DIRECTION('',(1.,-4.4E-16,1.E-15));
#1599 = ADVANCED_FACE('',(#1600),#1619,.F.);
#1600 = FACE_BOUND('',#1601,.F.);
#1601 = EDGE_LOOP('',(#1602,#1610,#1617,#1618));
#1602 = ORIENTED_EDGE('',*,*,#1603,.T.);
#1603 = EDGE_CURVE('',#1542,#1604,#1606,.T.);
#1604 = VERTEX_POINT('',#1605);
#1605 = CARTESIAN_POINT('',(3.999603273397,33.5,47.2));
#1606 = LINE('',#1607,#1608);
#1607 = CARTESIAN_POINT('',(3.999603273397,33.5,50.2));
#1608 = VECTOR('',#1609,1.);
#1609 = DIRECTION('',(1.E-15,3.3E-16,-1.));
#1610 = ORIENTED_EDGE('',*,*,#1611,.T.);
#1611 = EDGE_CURVE('',#1604,#1604,#1612,.T.);
#1612 = CIRCLE('',#1613,3.7);
#1613 = AXIS2_PLACEMENT_3D('',#1614,#1615,#1616);
#1614 = CARTESIAN_POINT('',(0.299603273397,33.5,47.2));
#1615 = DIRECTION('',(3.3E-16,7.8E-16,1.));
#1616 = DIRECTION('',(1.,-4.4E-16,-3.3E-16));
#1617 = ORIENTED_EDGE('',*,*,#1603,.F.);
#1618 = ORIENTED_EDGE('',*,*,#1541,.F.);
#1619 = CYLINDRICAL_SURFACE('',#1620,3.7);
#1620 = AXIS2_PLACEMENT_3D('',#1621,#1622,#1623);
#1621 = CARTESIAN_POINT('',(0.299603273397,33.5,50.2));
#1622 = DIRECTION('',(-7.8E-16,-1.1E-16,1.));
#1623 = DIRECTION('',(1.,-4.4E-16,7.8E-16));
#1624 = ADVANCED_FACE('',(#1625),#1628,.T.);
#1625 = FACE_BOUND('',#1626,.T.);
#1626 = EDGE_LOOP('',(#1627));
#1627 = ORIENTED_EDGE('',*,*,#1611,.T.);
#1628 = PLANE('',#1629);
#1629 = AXIS2_PLACEMENT_3D('',#1630,#1631,#1632);
#1630 = CARTESIAN_POINT('',(0.299603273397,-1.376676550535E-14,47.2));
#1631 = DIRECTION('',(-1.E-15,-5.6E-16,1.));
#1632 = DIRECTION('',(1.,-4.4E-16,1.E-15));
#1633 = ADVANCED_FACE('',(#1634),#1653,.F.);
#1634 = FACE_BOUND('',#1635,.F.);
#1635 = EDGE_LOOP('',(#1636,#1644,#1651,#1652));
#1636 = ORIENTED_EDGE('',*,*,#1637,.T.);
#1637 = EDGE_CURVE('',#1553,#1638,#1640,.T.);
#1638 = VERTEX_POINT('',#1639);
#1639 = CARTESIAN_POINT('',(21.999603273397,33.5,47.2));
#1640 = LINE('',#1641,#1642);
#1641 = CARTESIAN_POINT('',(21.999603273397,33.5,50.2));
#1642 = VECTOR('',#1643,1.);
#1643 = DIRECTION('',(1.E-15,3.3E-16,-1.));
#1644 = ORIENTED_EDGE('',*,*,#1645,.T.);
#1645 = EDGE_CURVE('',#1638,#1638,#1646,.T.);
#1646 = CIRCLE('',#1647,3.7);
#1647 = AXIS2_PLACEMENT_3D('',#1648,#1649,#1650);
#1648 = CARTESIAN_POINT('',(18.299603273397,33.5,47.2));
#1649 = DIRECTION('',(3.3E-16,7.8E-16,1.));
#1650 = DIRECTION('',(1.,-4.4E-16,-3.3E-16));
#1651 = ORIENTED_EDGE('',*,*,#1637,.F.);
#1652 = ORIENTED_EDGE('',*,*,#1552,.F.);
#1653 = CYLINDRICAL_SURFACE('',#1654,3.7);
#1654 = AXIS2_PLACEMENT_3D('',#1655,#1656,#1657);
#1655 = CARTESIAN_POINT('',(18.299603273397,33.5,50.2));
#1656 = DIRECTION('',(-7.8E-16,-1.1E-16,1.));
#1657 = DIRECTION('',(1.,-4.4E-16,7.8E-16));
#1658 = ADVANCED_FACE('',(#1659),#1662,.T.);
#1659 = FACE_BOUND('',#1660,.T.);
#1660 = EDGE_LOOP('',(#1661));
#1661 = ORIENTED_EDGE('',*,*,#1645,.T.);
#1662 = PLANE('',#1663);
#1663 = AXIS2_PLACEMENT_3D('',#1664,#1665,#1666);
#1664 = CARTESIAN_POINT('',(18.299603273397,-1.376676550535E-14,47.2));
#1665 = DIRECTION('',(-1.E-15,-5.6E-16,1.));
#1666 = DIRECTION('',(1.,-4.4E-16,1.E-15));
#1667 = ADVANCED_FACE('',(#1668,#1679,#1749,#1819,#1889),#1923,.T.);
#1668 = FACE_BOUND('',#1669,.T.);
#1669 = EDGE_LOOP('',(#1670,#1676,#1677,#1678));
#1670 = ORIENTED_EDGE('',*,*,#1671,.T.);
#1671 = EDGE_CURVE('',#962,#303,#1672,.T.);
#1672 = LINE('',#1673,#1674);
#1673 = CARTESIAN_POINT('',(-26.7003967266,-41.5,5.368E-14));
#1674 = VECTOR('',#1675,1.);
#1675 = DIRECTION('',(1.,-6.7E-16,-3.3E-16));
#1676 = ORIENTED_EDGE('',*,*,#310,.T.);
#1677 = ORIENTED_EDGE('',*,*,#689,.F.);
#1678 = ORIENTED_EDGE('',*,*,#969,.F.);
#1679 = FACE_BOUND('',#1680,.T.);
#1680 = EDGE_LOOP('',(#1681,#1691,#1700,#1708,#1717,#1725,#1734,#1742));
#1681 = ORIENTED_EDGE('',*,*,#1682,.F.);
#1682 = EDGE_CURVE('',#1683,#1685,#1687,.T.);
#1683 = VERTEX_POINT('',#1684);
#1684 = CARTESIAN_POINT('',(2.799603273397,-41.5,31.5));
#1685 = VERTEX_POINT('',#1686);
#1686 = CARTESIAN_POINT('',(-2.200396726603,-41.5,31.5));
#1687 = LINE('',#1688,#1689);
#1688 = CARTESIAN_POINT('',(2.799603273397,-41.5,31.5));
#1689 = VECTOR('',#1690,1.);
#1690 = DIRECTION('',(-1.,3.3E-16,2.2E-16));
#1691 = ORIENTED_EDGE('',*,*,#1692,.F.);
#1692 = EDGE_CURVE('',#1693,#1683,#1695,.T.);
#1693 = VERTEX_POINT('',#1694);
#1694 = CARTESIAN_POINT('',(4.799603273397,-41.5,29.5));
#1695 = CIRCLE('',#1696,2.);
#1696 = AXIS2_PLACEMENT_3D('',#1697,#1698,#1699);
#1697 = CARTESIAN_POINT('',(2.799603273397,-41.5,29.5));
#1698 = DIRECTION('',(-3.3E-16,-1.,-3.3E-16));
#1699 = DIRECTION('',(6.7E-16,3.3E-16,-1.));
#1700 = ORIENTED_EDGE('',*,*,#1701,.F.);
#1701 = EDGE_CURVE('',#1702,#1693,#1704,.T.);
#1702 = VERTEX_POINT('',#1703);
#1703 = CARTESIAN_POINT('',(4.799603273397,-41.5,18.5));
#1704 = LINE('',#1705,#1706);
#1705 = CARTESIAN_POINT('',(4.799603273397,-41.5,18.5));
#1706 = VECTOR('',#1707,1.);
#1707 = DIRECTION('',(-6.7E-16,-3.3E-16,1.));
#1708 = ORIENTED_EDGE('',*,*,#1709,.F.);
#1709 = EDGE_CURVE('',#1710,#1702,#1712,.T.);
#1710 = VERTEX_POINT('',#1711);
#1711 = CARTESIAN_POINT('',(2.799603273397,-41.5,16.5));
#1712 = CIRCLE('',#1713,2.);
#1713 = AXIS2_PLACEMENT_3D('',#1714,#1715,#1716);
#1714 = CARTESIAN_POINT('',(2.799603273397,-41.5,18.5));
#1715 = DIRECTION('',(-3.3E-16,-1.,-3.3E-16));
#1716 = DIRECTION('',(6.7E-16,3.3E-16,-1.));
#1717 = ORIENTED_EDGE('',*,*,#1718,.F.);
#1718 = EDGE_CURVE('',#1719,#1710,#1721,.T.);
#1719 = VERTEX_POINT('',#1720);
#1720 = CARTESIAN_POINT('',(-2.200396726603,-41.5,16.5));
#1721 = LINE('',#1722,#1723);
#1722 = CARTESIAN_POINT('',(-2.200396726603,-41.5,16.5));
#1723 = VECTOR('',#1724,1.);
#1724 = DIRECTION('',(1.,-3.3E-16,-2.2E-16));
#1725 = ORIENTED_EDGE('',*,*,#1726,.F.);
#1726 = EDGE_CURVE('',#1727,#1719,#1729,.T.);
#1727 = VERTEX_POINT('',#1728);
#1728 = CARTESIAN_POINT('',(-4.200396726603,-41.5,18.5));
#1729 = CIRCLE('',#1730,2.);
#1730 = AXIS2_PLACEMENT_3D('',#1731,#1732,#1733);
#1731 = CARTESIAN_POINT('',(-2.200396726603,-41.5,18.5));
#1732 = DIRECTION('',(-3.3E-16,-1.,-3.3E-16));
#1733 = DIRECTION('',(6.7E-16,3.3E-16,-1.));
#1734 = ORIENTED_EDGE('',*,*,#1735,.F.);
#1735 = EDGE_CURVE('',#1736,#1727,#1738,.T.);
#1736 = VERTEX_POINT('',#1737);
#1737 = CARTESIAN_POINT('',(-4.200396726603,-41.5,29.5));
#1738 = LINE('',#1739,#1740);
#1739 = CARTESIAN_POINT('',(-4.200396726603,-41.5,29.5));
#1740 = VECTOR('',#1741,1.);
#1741 = DIRECTION('',(6.7E-16,3.3E-16,-1.));
#1742 = ORIENTED_EDGE('',*,*,#1743,.F.);
#1743 = EDGE_CURVE('',#1685,#1736,#1744,.T.);
#1744 = CIRCLE('',#1745,2.);
#1745 = AXIS2_PLACEMENT_3D('',#1746,#1747,#1748);
#1746 = CARTESIAN_POINT('',(-2.200396726603,-41.5,29.5));
#1747 = DIRECTION('',(-3.3E-16,-1.,-3.3E-16));
#1748 = DIRECTION('',(6.7E-16,3.3E-16,-1.));
#1749 = FACE_BOUND('',#1750,.T.);
#1750 = EDGE_LOOP('',(#1751,#1761,#1770,#1778,#1787,#1795,#1804,#1812));
#1751 = ORIENTED_EDGE('',*,*,#1752,.F.);
#1752 = EDGE_CURVE('',#1753,#1755,#1757,.T.);
#1753 = VERTEX_POINT('',#1754);
#1754 = CARTESIAN_POINT('',(20.799603273397,-41.5,31.5));
#1755 = VERTEX_POINT('',#1756);
#1756 = CARTESIAN_POINT('',(15.799603273397,-41.5,31.5));
#1757 = LINE('',#1758,#1759);
#1758 = CARTESIAN_POINT('',(20.799603273397,-41.5,31.5));
#1759 = VECTOR('',#1760,1.);
#1760 = DIRECTION('',(-1.,3.3E-16,2.2E-16));
#1761 = ORIENTED_EDGE('',*,*,#1762,.F.);
#1762 = EDGE_CURVE('',#1763,#1753,#1765,.T.);
#1763 = VERTEX_POINT('',#1764);
#1764 = CARTESIAN_POINT('',(22.799603273397,-41.5,29.5));
#1765 = CIRCLE('',#1766,2.);
#1766 = AXIS2_PLACEMENT_3D('',#1767,#1768,#1769);
#1767 = CARTESIAN_POINT('',(20.799603273397,-41.5,29.5));
#1768 = DIRECTION('',(-3.3E-16,-1.,-3.3E-16));
#1769 = DIRECTION('',(6.7E-16,3.3E-16,-1.));
#1770 = ORIENTED_EDGE('',*,*,#1771,.F.);
#1771 = EDGE_CURVE('',#1772,#1763,#1774,.T.);
#1772 = VERTEX_POINT('',#1773);
#1773 = CARTESIAN_POINT('',(22.799603273397,-41.5,18.5));
#1774 = LINE('',#1775,#1776);
#1775 = CARTESIAN_POINT('',(22.799603273397,-41.5,18.5));
#1776 = VECTOR('',#1777,1.);
#1777 = DIRECTION('',(-6.7E-16,-3.3E-16,1.));
#1778 = ORIENTED_EDGE('',*,*,#1779,.F.);
#1779 = EDGE_CURVE('',#1780,#1772,#1782,.T.);
#1780 = VERTEX_POINT('',#1781);
#1781 = CARTESIAN_POINT('',(20.799603273397,-41.5,16.5));
#1782 = CIRCLE('',#1783,2.);
#1783 = AXIS2_PLACEMENT_3D('',#1784,#1785,#1786);
#1784 = CARTESIAN_POINT('',(20.799603273397,-41.5,18.5));
#1785 = DIRECTION('',(-3.3E-16,-1.,-3.3E-16));
#1786 = DIRECTION('',(6.7E-16,3.3E-16,-1.));
#1787 = ORIENTED_EDGE('',*,*,#1788,.F.);
#1788 = EDGE_CURVE('',#1789,#1780,#1791,.T.);
#1789 = VERTEX_POINT('',#1790);
#1790 = CARTESIAN_POINT('',(15.799603273397,-41.5,16.5));
#1791 = LINE('',#1792,#1793);
#1792 = CARTESIAN_POINT('',(15.799603273397,-41.5,16.5));
#1793 = VECTOR('',#1794,1.);
#1794 = DIRECTION('',(1.,-3.3E-16,-2.2E-16));
#1795 = ORIENTED_EDGE('',*,*,#1796,.F.);
#1796 = EDGE_CURVE('',#1797,#1789,#1799,.T.);
#1797 = VERTEX_POINT('',#1798);
#1798 = CARTESIAN_POINT('',(13.799603273397,-41.5,18.5));
#1799 = CIRCLE('',#1800,2.);
#1800 = AXIS2_PLACEMENT_3D('',#1801,#1802,#1803);
#1801 = CARTESIAN_POINT('',(15.799603273397,-41.5,18.5));
#1802 = DIRECTION('',(-3.3E-16,-1.,-3.3E-16));
#1803 = DIRECTION('',(6.7E-16,3.3E-16,-1.));
#1804 = ORIENTED_EDGE('',*,*,#1805,.F.);
#1805 = EDGE_CURVE('',#1806,#1797,#1808,.T.);
#1806 = VERTEX_POINT('',#1807);
#1807 = CARTESIAN_POINT('',(13.799603273397,-41.5,29.5));
#1808 = LINE('',#1809,#1810);
#1809 = CARTESIAN_POINT('',(13.799603273397,-41.5,29.5));
#1810 = VECTOR('',#1811,1.);
#1811 = DIRECTION('',(6.7E-16,3.3E-16,-1.));
#1812 = ORIENTED_EDGE('',*,*,#1813,.F.);
#1813 = EDGE_CURVE('',#1755,#1806,#1814,.T.);
#1814 = CIRCLE('',#1815,2.);
#1815 = AXIS2_PLACEMENT_3D('',#1816,#1817,#1818);
#1816 = CARTESIAN_POINT('',(15.799603273397,-41.5,29.5));
#1817 = DIRECTION('',(-3.3E-16,-1.,-3.3E-16));
#1818 = DIRECTION('',(6.7E-16,3.3E-16,-1.));
#1819 = FACE_BOUND('',#1820,.T.);
#1820 = EDGE_LOOP('',(#1821,#1831,#1840,#1848,#1857,#1865,#1874,#1882));
#1821 = ORIENTED_EDGE('',*,*,#1822,.F.);
#1822 = EDGE_CURVE('',#1823,#1825,#1827,.T.);
#1823 = VERTEX_POINT('',#1824);
#1824 = CARTESIAN_POINT('',(-15.2003967266,-41.5,31.5));
#1825 = VERTEX_POINT('',#1826);
#1826 = CARTESIAN_POINT('',(-20.2003967266,-41.5,31.5));
#1827 = LINE('',#1828,#1829);
#1828 = CARTESIAN_POINT('',(-15.2003967266,-41.5,31.5));
#1829 = VECTOR('',#1830,1.);
#1830 = DIRECTION('',(-1.,3.3E-16,2.2E-16));
#1831 = ORIENTED_EDGE('',*,*,#1832,.F.);
#1832 = EDGE_CURVE('',#1833,#1823,#1835,.T.);
#1833 = VERTEX_POINT('',#1834);
#1834 = CARTESIAN_POINT('',(-13.2003967266,-41.5,29.5));
#1835 = CIRCLE('',#1836,2.);
#1836 = AXIS2_PLACEMENT_3D('',#1837,#1838,#1839);
#1837 = CARTESIAN_POINT('',(-15.2003967266,-41.5,29.5));
#1838 = DIRECTION('',(-3.3E-16,-1.,-3.3E-16));
#1839 = DIRECTION('',(6.7E-16,3.3E-16,-1.));
#1840 = ORIENTED_EDGE('',*,*,#1841,.F.);
#1841 = EDGE_CURVE('',#1842,#1833,#1844,.T.);
#1842 = VERTEX_POINT('',#1843);
#1843 = CARTESIAN_POINT('',(-13.2003967266,-41.5,18.5));
#1844 = LINE('',#1845,#1846);
#1845 = CARTESIAN_POINT('',(-13.2003967266,-41.5,18.5));
#1846 = VECTOR('',#1847,1.);
#1847 = DIRECTION('',(-6.7E-16,-3.3E-16,1.));
#1848 = ORIENTED_EDGE('',*,*,#1849,.F.);
#1849 = EDGE_CURVE('',#1850,#1842,#1852,.T.);
#1850 = VERTEX_POINT('',#1851);
#1851 = CARTESIAN_POINT('',(-15.2003967266,-41.5,16.5));
#1852 = CIRCLE('',#1853,2.);
#1853 = AXIS2_PLACEMENT_3D('',#1854,#1855,#1856);
#1854 = CARTESIAN_POINT('',(-15.2003967266,-41.5,18.5));
#1855 = DIRECTION('',(-3.3E-16,-1.,-3.3E-16));
#1856 = DIRECTION('',(6.7E-16,3.3E-16,-1.));
#1857 = ORIENTED_EDGE('',*,*,#1858,.F.);
#1858 = EDGE_CURVE('',#1859,#1850,#1861,.T.);
#1859 = VERTEX_POINT('',#1860);
#1860 = CARTESIAN_POINT('',(-20.2003967266,-41.5,16.5));
#1861 = LINE('',#1862,#1863);
#1862 = CARTESIAN_POINT('',(-20.2003967266,-41.5,16.5));
#1863 = VECTOR('',#1864,1.);
#1864 = DIRECTION('',(1.,-3.3E-16,-2.2E-16));
#1865 = ORIENTED_EDGE('',*,*,#1866,.F.);
#1866 = EDGE_CURVE('',#1867,#1859,#1869,.T.);
#1867 = VERTEX_POINT('',#1868);
#1868 = CARTESIAN_POINT('',(-22.2003967266,-41.5,18.5));
#1869 = CIRCLE('',#1870,2.);
#1870 = AXIS2_PLACEMENT_3D('',#1871,#1872,#1873);
#1871 = CARTESIAN_POINT('',(-20.2003967266,-41.5,18.5));
#1872 = DIRECTION('',(-3.3E-16,-1.,-3.3E-16));
#1873 = DIRECTION('',(6.7E-16,3.3E-16,-1.));
#1874 = ORIENTED_EDGE('',*,*,#1875,.F.);
#1875 = EDGE_CURVE('',#1876,#1867,#1878,.T.);
#1876 = VERTEX_POINT('',#1877);
#1877 = CARTESIAN_POINT('',(-22.2003967266,-41.5,29.5));
#1878 = LINE('',#1879,#1880);
#1879 = CARTESIAN_POINT('',(-22.2003967266,-41.5,29.5));
#1880 = VECTOR('',#1881,1.);
#1881 = DIRECTION('',(6.7E-16,3.3E-16,-1.));
#1882 = ORIENTED_EDGE('',*,*,#1883,.F.);
#1883 = EDGE_CURVE('',#1825,#1876,#1884,.T.);
#1884 = CIRCLE('',#1885,2.);
#1885 = AXIS2_PLACEMENT_3D('',#1886,#1887,#1888);
#1886 = CARTESIAN_POINT('',(-20.2003967266,-41.5,29.5));
#1887 = DIRECTION('',(-3.3E-16,-1.,-3.3E-16));
#1888 = DIRECTION('',(6.7E-16,3.3E-16,-1.));
#1889 = FACE_BOUND('',#1890,.T.);
#1890 = EDGE_LOOP('',(#1891,#1901,#1909,#1917));
#1891 = ORIENTED_EDGE('',*,*,#1892,.F.);
#1892 = EDGE_CURVE('',#1893,#1895,#1897,.T.);
#1893 = VERTEX_POINT('',#1894);
#1894 = CARTESIAN_POINT('',(-3.700396726603,-41.5,4.2));
#1895 = VERTEX_POINT('',#1896);
#1896 = CARTESIAN_POINT('',(-3.700396726603,-41.5,1.3348));
#1897 = LINE('',#1898,#1899);
#1898 = CARTESIAN_POINT('',(-3.700396726603,-41.5,1.41076378946));
#1899 = VECTOR('',#1900,1.);
#1900 = DIRECTION('',(0.,-1.E-15,-1.));
#1901 = ORIENTED_EDGE('',*,*,#1902,.T.);
#1902 = EDGE_CURVE('',#1893,#1903,#1905,.T.);
#1903 = VERTEX_POINT('',#1904);
#1904 = CARTESIAN_POINT('',(4.299603273397,-41.5,4.2));
#1905 = LINE('',#1906,#1907);
#1906 = CARTESIAN_POINT('',(-6.200396726603,-41.5,4.2));
#1907 = VECTOR('',#1908,1.);
#1908 = DIRECTION('',(1.,1.11E-15,0.));
#1909 = ORIENTED_EDGE('',*,*,#1910,.T.);
#1910 = EDGE_CURVE('',#1903,#1911,#1913,.T.);
#1911 = VERTEX_POINT('',#1912);
#1912 = CARTESIAN_POINT('',(4.299603273397,-41.5,1.3348));
#1913 = LINE('',#1914,#1915);
#1914 = CARTESIAN_POINT('',(4.299603273397,-41.5,1.41076378946));
#1915 = VECTOR('',#1916,1.);
#1916 = DIRECTION('',(0.,-1.E-15,-1.));
#1917 = ORIENTED_EDGE('',*,*,#1918,.T.);
#1918 = EDGE_CURVE('',#1911,#1895,#1919,.T.);
#1919 = LINE('',#1920,#1921);
#1920 = CARTESIAN_POINT('',(-6.200396726603,-41.5,1.3348));
#1921 = VECTOR('',#1922,1.);
#1922 = DIRECTION('',(-1.,-1.11E-15,0.));
#1923 = PLANE('',#1924);
#1924 = AXIS2_PLACEMENT_3D('',#1925,#1926,#1927);
#1925 = CARTESIAN_POINT('',(0.299603273397,-41.5,25.1));
#1926 = DIRECTION('',(-0.,-1.,-8.4E-16));
#1927 = DIRECTION('',(0.,8.4E-16,-1.));
#1928 = ADVANCED_FACE('',(#1929),#1954,.F.);
#1929 = FACE_BOUND('',#1930,.F.);
#1930 = EDGE_LOOP('',(#1931,#1939,#1947,#1953));
#1931 = ORIENTED_EDGE('',*,*,#1932,.T.);
#1932 = EDGE_CURVE('',#1683,#1933,#1935,.T.);
#1933 = VERTEX_POINT('',#1934);
#1934 = CARTESIAN_POINT('',(2.799603273397,-29.5,31.5));
#1935 = LINE('',#1936,#1937);
#1936 = CARTESIAN_POINT('',(2.799603273397,-41.5,31.5));
#1937 = VECTOR('',#1938,1.);
#1938 = DIRECTION('',(-3.3E-16,1.,-5.6E-16));
#1939 = ORIENTED_EDGE('',*,*,#1940,.T.);
#1940 = EDGE_CURVE('',#1933,#1941,#1943,.T.);
#1941 = VERTEX_POINT('',#1942);
#1942 = CARTESIAN_POINT('',(-2.200396726603,-29.5,31.5));
#1943 = LINE('',#1944,#1945);
#1944 = CARTESIAN_POINT('',(2.799603273397,-29.5,31.5));
#1945 = VECTOR('',#1946,1.);
#1946 = DIRECTION('',(-1.,3.3E-16,2.2E-16));
#1947 = ORIENTED_EDGE('',*,*,#1948,.F.);
#1948 = EDGE_CURVE('',#1685,#1941,#1949,.T.);
#1949 = LINE('',#1950,#1951);
#1950 = CARTESIAN_POINT('',(-2.200396726603,-41.5,31.5));
#1951 = VECTOR('',#1952,1.);
#1952 = DIRECTION('',(-3.3E-16,1.,-5.6E-16));
#1953 = ORIENTED_EDGE('',*,*,#1682,.F.);
#1954 = PLANE('',#1955);
#1955 = AXIS2_PLACEMENT_3D('',#1956,#1957,#1958);
#1956 = CARTESIAN_POINT('',(2.799603273397,-41.5,31.5));
#1957 = DIRECTION('',(-4.4E-16,1.1E-16,1.));
#1958 = DIRECTION('',(-1.,3.3E-16,-4.4E-16));
#1959 = ADVANCED_FACE('',(#1960),#1979,.F.);
#1960 = FACE_BOUND('',#1961,.F.);
#1961 = EDGE_LOOP('',(#1962,#1970,#1977,#1978));
#1962 = ORIENTED_EDGE('',*,*,#1963,.T.);
#1963 = EDGE_CURVE('',#1693,#1964,#1966,.T.);
#1964 = VERTEX_POINT('',#1965);
#1965 = CARTESIAN_POINT('',(4.799603273397,-29.5,29.5));
#1966 = LINE('',#1967,#1968);
#1967 = CARTESIAN_POINT('',(4.799603273397,-41.5,29.5));
#1968 = VECTOR('',#1969,1.);
#1969 = DIRECTION('',(-3.3E-16,1.,-5.6E-16));
#1970 = ORIENTED_EDGE('',*,*,#1971,.T.);
#1971 = EDGE_CURVE('',#1964,#1933,#1972,.T.);
#1972 = CIRCLE('',#1973,2.);
#1973 = AXIS2_PLACEMENT_3D('',#1974,#1975,#1976);
#1974 = CARTESIAN_POINT('',(2.799603273397,-29.5,29.5));
#1975 = DIRECTION('',(-3.3E-16,-1.,-3.3E-16));
#1976 = DIRECTION('',(6.7E-16,3.3E-16,-1.));
#1977 = ORIENTED_EDGE('',*,*,#1932,.F.);
#1978 = ORIENTED_EDGE('',*,*,#1692,.F.);
#1979 = CYLINDRICAL_SURFACE('',#1980,2.);
#1980 = AXIS2_PLACEMENT_3D('',#1981,#1982,#1983);
#1981 = CARTESIAN_POINT('',(2.799603273397,-41.5,29.5));
#1982 = DIRECTION('',(1.1E-16,-1.,3.3E-16));
#1983 = DIRECTION('',(6.7E-16,-3.3E-16,-1.));
#1984 = ADVANCED_FACE('',(#1985),#2004,.F.);
#1985 = FACE_BOUND('',#1986,.F.);
#1986 = EDGE_LOOP('',(#1987,#1988,#1997,#2003));
#1987 = ORIENTED_EDGE('',*,*,#1948,.T.);
#1988 = ORIENTED_EDGE('',*,*,#1989,.T.);
#1989 = EDGE_CURVE('',#1941,#1990,#1992,.T.);
#1990 = VERTEX_POINT('',#1991);
#1991 = CARTESIAN_POINT('',(-4.200396726603,-29.5,29.5));
#1992 = CIRCLE('',#1993,2.);
#1993 = AXIS2_PLACEMENT_3D('',#1994,#1995,#1996);
#1994 = CARTESIAN_POINT('',(-2.200396726603,-29.5,29.5));
#1995 = DIRECTION('',(-3.3E-16,-1.,-3.3E-16));
#1996 = DIRECTION('',(6.7E-16,3.3E-16,-1.));
#1997 = ORIENTED_EDGE('',*,*,#1998,.F.);
#1998 = EDGE_CURVE('',#1736,#1990,#1999,.T.);
#1999 = LINE('',#2000,#2001);
#2000 = CARTESIAN_POINT('',(-4.200396726603,-41.5,29.5));
#2001 = VECTOR('',#2002,1.);
#2002 = DIRECTION('',(-3.3E-16,1.,-5.6E-16));
#2003 = ORIENTED_EDGE('',*,*,#1743,.F.);
#2004 = CYLINDRICAL_SURFACE('',#2005,2.);
#2005 = AXIS2_PLACEMENT_3D('',#2006,#2007,#2008);
#2006 = CARTESIAN_POINT('',(-2.200396726603,-41.5,29.5));
#2007 = DIRECTION('',(1.1E-16,-1.,3.3E-16));
#2008 = DIRECTION('',(6.7E-16,-3.3E-16,-1.));
#2009 = ADVANCED_FACE('',(#2010),#2028,.F.);
#2010 = FACE_BOUND('',#2011,.F.);
#2011 = EDGE_LOOP('',(#2012,#2020,#2026,#2027));
#2012 = ORIENTED_EDGE('',*,*,#2013,.T.);
#2013 = EDGE_CURVE('',#1702,#2014,#2016,.T.);
#2014 = VERTEX_POINT('',#2015);
#2015 = CARTESIAN_POINT('',(4.799603273397,-29.5,18.5));
#2016 = LINE('',#2017,#2018);
#2017 = CARTESIAN_POINT('',(4.799603273397,-41.5,18.5));
#2018 = VECTOR('',#2019,1.);
#2019 = DIRECTION('',(-3.3E-16,1.,-5.6E-16));
#2020 = ORIENTED_EDGE('',*,*,#2021,.T.);
#2021 = EDGE_CURVE('',#2014,#1964,#2022,.T.);
#2022 = LINE('',#2023,#2024);
#2023 = CARTESIAN_POINT('',(4.799603273397,-29.5,18.5));
#2024 = VECTOR('',#2025,1.);
#2025 = DIRECTION('',(-6.7E-16,-3.3E-16,1.));
#2026 = ORIENTED_EDGE('',*,*,#1963,.F.);
#2027 = ORIENTED_EDGE('',*,*,#1701,.F.);
#2028 = PLANE('',#2029);
#2029 = AXIS2_PLACEMENT_3D('',#2030,#2031,#2032);
#2030 = CARTESIAN_POINT('',(4.799603273397,-41.5,18.5));
#2031 = DIRECTION('',(1.,-1.1E-16,2.2E-16));
#2032 = DIRECTION('',(-2.2E-16,-1.1E-16,1.));
#2033 = ADVANCED_FACE('',(#2034),#2052,.F.);
#2034 = FACE_BOUND('',#2035,.F.);
#2035 = EDGE_LOOP('',(#2036,#2037,#2045,#2051));
#2036 = ORIENTED_EDGE('',*,*,#1998,.T.);
#2037 = ORIENTED_EDGE('',*,*,#2038,.T.);
#2038 = EDGE_CURVE('',#1990,#2039,#2041,.T.);
#2039 = VERTEX_POINT('',#2040);
#2040 = CARTESIAN_POINT('',(-4.200396726603,-29.5,18.5));
#2041 = LINE('',#2042,#2043);
#2042 = CARTESIAN_POINT('',(-4.200396726603,-29.5,29.5));
#2043 = VECTOR('',#2044,1.);
#2044 = DIRECTION('',(6.7E-16,3.3E-16,-1.));
#2045 = ORIENTED_EDGE('',*,*,#2046,.F.);
#2046 = EDGE_CURVE('',#1727,#2039,#2047,.T.);
#2047 = LINE('',#2048,#2049);
#2048 = CARTESIAN_POINT('',(-4.200396726603,-41.5,18.5));
#2049 = VECTOR('',#2050,1.);
#2050 = DIRECTION('',(-3.3E-16,1.,-5.6E-16));
#2051 = ORIENTED_EDGE('',*,*,#1735,.F.);
#2052 = PLANE('',#2053);
#2053 = AXIS2_PLACEMENT_3D('',#2054,#2055,#2056);
#2054 = CARTESIAN_POINT('',(-4.200396726603,-41.5,29.5));
#2055 = DIRECTION('',(-1.,1.1E-16,-2.2E-16));
#2056 = DIRECTION('',(2.2E-16,1.1E-16,-1.));
#2057 = ADVANCED_FACE('',(#2058),#2077,.F.);
#2058 = FACE_BOUND('',#2059,.F.);
#2059 = EDGE_LOOP('',(#2060,#2068,#2075,#2076));
#2060 = ORIENTED_EDGE('',*,*,#2061,.T.);
#2061 = EDGE_CURVE('',#1710,#2062,#2064,.T.);
#2062 = VERTEX_POINT('',#2063);
#2063 = CARTESIAN_POINT('',(2.799603273397,-29.5,16.5));
#2064 = LINE('',#2065,#2066);
#2065 = CARTESIAN_POINT('',(2.799603273397,-41.5,16.5));
#2066 = VECTOR('',#2067,1.);
#2067 = DIRECTION('',(-3.3E-16,1.,-5.6E-16));
#2068 = ORIENTED_EDGE('',*,*,#2069,.T.);
#2069 = EDGE_CURVE('',#2062,#2014,#2070,.T.);
#2070 = CIRCLE('',#2071,2.);
#2071 = AXIS2_PLACEMENT_3D('',#2072,#2073,#2074);
#2072 = CARTESIAN_POINT('',(2.799603273397,-29.5,18.5));
#2073 = DIRECTION('',(-3.3E-16,-1.,-3.3E-16));
#2074 = DIRECTION('',(6.7E-16,3.3E-16,-1.));
#2075 = ORIENTED_EDGE('',*,*,#2013,.F.);
#2076 = ORIENTED_EDGE('',*,*,#1709,.F.);
#2077 = CYLINDRICAL_SURFACE('',#2078,2.);
#2078 = AXIS2_PLACEMENT_3D('',#2079,#2080,#2081);
#2079 = CARTESIAN_POINT('',(2.799603273397,-41.5,18.5));
#2080 = DIRECTION('',(1.1E-16,-1.,3.3E-16));
#2081 = DIRECTION('',(6.7E-16,-3.3E-16,-1.));
#2082 = ADVANCED_FACE('',(#2083),#2102,.F.);
#2083 = FACE_BOUND('',#2084,.F.);
#2084 = EDGE_LOOP('',(#2085,#2086,#2095,#2101));
#2085 = ORIENTED_EDGE('',*,*,#2046,.T.);
#2086 = ORIENTED_EDGE('',*,*,#2087,.T.);
#2087 = EDGE_CURVE('',#2039,#2088,#2090,.T.);
#2088 = VERTEX_POINT('',#2089);
#2089 = CARTESIAN_POINT('',(-2.200396726603,-29.5,16.5));
#2090 = CIRCLE('',#2091,2.);
#2091 = AXIS2_PLACEMENT_3D('',#2092,#2093,#2094);
#2092 = CARTESIAN_POINT('',(-2.200396726603,-29.5,18.5));
#2093 = DIRECTION('',(-3.3E-16,-1.,-3.3E-16));
#2094 = DIRECTION('',(6.7E-16,3.3E-16,-1.));
#2095 = ORIENTED_EDGE('',*,*,#2096,.F.);
#2096 = EDGE_CURVE('',#1719,#2088,#2097,.T.);
#2097 = LINE('',#2098,#2099);
#2098 = CARTESIAN_POINT('',(-2.200396726603,-41.5,16.5));
#2099 = VECTOR('',#2100,1.);
#2100 = DIRECTION('',(-3.3E-16,1.,-5.6E-16));
#2101 = ORIENTED_EDGE('',*,*,#1726,.F.);
#2102 = CYLINDRICAL_SURFACE('',#2103,2.);
#2103 = AXIS2_PLACEMENT_3D('',#2104,#2105,#2106);
#2104 = CARTESIAN_POINT('',(-2.200396726603,-41.5,18.5));
#2105 = DIRECTION('',(1.1E-16,-1.,3.3E-16));
#2106 = DIRECTION('',(6.7E-16,-3.3E-16,-1.));
#2107 = ADVANCED_FACE('',(#2108),#2119,.F.);
#2108 = FACE_BOUND('',#2109,.F.);
#2109 = EDGE_LOOP('',(#2110,#2111,#2117,#2118));
#2110 = ORIENTED_EDGE('',*,*,#2096,.T.);
#2111 = ORIENTED_EDGE('',*,*,#2112,.T.);
#2112 = EDGE_CURVE('',#2088,#2062,#2113,.T.);
#2113 = LINE('',#2114,#2115);
#2114 = CARTESIAN_POINT('',(-2.200396726603,-29.5,16.5));
#2115 = VECTOR('',#2116,1.);
#2116 = DIRECTION('',(1.,-3.3E-16,-2.2E-16));
#2117 = ORIENTED_EDGE('',*,*,#2061,.F.);
#2118 = ORIENTED_EDGE('',*,*,#1718,.F.);
#2119 = PLANE('',#2120);
#2120 = AXIS2_PLACEMENT_3D('',#2121,#2122,#2123);
#2121 = CARTESIAN_POINT('',(-2.200396726603,-41.5,16.5));
#2122 = DIRECTION('',(4.4E-16,-1.1E-16,-1.));
#2123 = DIRECTION('',(1.,-3.3E-16,4.4E-16));
#2124 = ADVANCED_FACE('',(#2125),#2135,.F.);
#2125 = FACE_BOUND('',#2126,.T.);
#2126 = EDGE_LOOP('',(#2127,#2128,#2129,#2130,#2131,#2132,#2133,#2134));
#2127 = ORIENTED_EDGE('',*,*,#1940,.T.);
#2128 = ORIENTED_EDGE('',*,*,#1989,.T.);
#2129 = ORIENTED_EDGE('',*,*,#2038,.T.);
#2130 = ORIENTED_EDGE('',*,*,#2087,.T.);
#2131 = ORIENTED_EDGE('',*,*,#2112,.T.);
#2132 = ORIENTED_EDGE('',*,*,#2069,.T.);
#2133 = ORIENTED_EDGE('',*,*,#2021,.T.);
#2134 = ORIENTED_EDGE('',*,*,#1971,.T.);
#2135 = PLANE('',#2136);
#2136 = AXIS2_PLACEMENT_3D('',#2137,#2138,#2139);
#2137 = CARTESIAN_POINT('',(0.299603273397,-29.5,24.));
#2138 = DIRECTION('',(-5.6E-16,1.,-5.6E-16));
#2139 = DIRECTION('',(-6.7E-16,5.6E-16,1.));
#2140 = ADVANCED_FACE('',(#2141),#2166,.F.);
#2141 = FACE_BOUND('',#2142,.F.);
#2142 = EDGE_LOOP('',(#2143,#2151,#2159,#2165));
#2143 = ORIENTED_EDGE('',*,*,#2144,.T.);
#2144 = EDGE_CURVE('',#1753,#2145,#2147,.T.);
#2145 = VERTEX_POINT('',#2146);
#2146 = CARTESIAN_POINT('',(20.799603273397,-29.5,31.5));
#2147 = LINE('',#2148,#2149);
#2148 = CARTESIAN_POINT('',(20.799603273397,-41.5,31.5));
#2149 = VECTOR('',#2150,1.);
#2150 = DIRECTION('',(-3.3E-16,1.,-5.6E-16));
#2151 = ORIENTED_EDGE('',*,*,#2152,.T.);
#2152 = EDGE_CURVE('',#2145,#2153,#2155,.T.);
#2153 = VERTEX_POINT('',#2154);
#2154 = CARTESIAN_POINT('',(15.799603273397,-29.5,31.5));
#2155 = LINE('',#2156,#2157);
#2156 = CARTESIAN_POINT('',(20.799603273397,-29.5,31.5));
#2157 = VECTOR('',#2158,1.);
#2158 = DIRECTION('',(-1.,3.3E-16,2.2E-16));
#2159 = ORIENTED_EDGE('',*,*,#2160,.F.);
#2160 = EDGE_CURVE('',#1755,#2153,#2161,.T.);
#2161 = LINE('',#2162,#2163);
#2162 = CARTESIAN_POINT('',(15.799603273397,-41.5,31.5));
#2163 = VECTOR('',#2164,1.);
#2164 = DIRECTION('',(-3.3E-16,1.,-5.6E-16));
#2165 = ORIENTED_EDGE('',*,*,#1752,.F.);
#2166 = PLANE('',#2167);
#2167 = AXIS2_PLACEMENT_3D('',#2168,#2169,#2170);
#2168 = CARTESIAN_POINT('',(20.799603273397,-41.5,31.5));
#2169 = DIRECTION('',(-4.4E-16,1.1E-16,1.));
#2170 = DIRECTION('',(-1.,3.3E-16,-4.4E-16));
#2171 = ADVANCED_FACE('',(#2172),#2191,.F.);
#2172 = FACE_BOUND('',#2173,.F.);
#2173 = EDGE_LOOP('',(#2174,#2175,#2184,#2190));
#2174 = ORIENTED_EDGE('',*,*,#2160,.T.);
#2175 = ORIENTED_EDGE('',*,*,#2176,.T.);
#2176 = EDGE_CURVE('',#2153,#2177,#2179,.T.);
#2177 = VERTEX_POINT('',#2178);
#2178 = CARTESIAN_POINT('',(13.799603273397,-29.5,29.5));
#2179 = CIRCLE('',#2180,2.);
#2180 = AXIS2_PLACEMENT_3D('',#2181,#2182,#2183);
#2181 = CARTESIAN_POINT('',(15.799603273397,-29.5,29.5));
#2182 = DIRECTION('',(-3.3E-16,-1.,-3.3E-16));
#2183 = DIRECTION('',(6.7E-16,3.3E-16,-1.));
#2184 = ORIENTED_EDGE('',*,*,#2185,.F.);
#2185 = EDGE_CURVE('',#1806,#2177,#2186,.T.);
#2186 = LINE('',#2187,#2188);
#2187 = CARTESIAN_POINT('',(13.799603273397,-41.5,29.5));
#2188 = VECTOR('',#2189,1.);
#2189 = DIRECTION('',(-3.3E-16,1.,-5.6E-16));
#2190 = ORIENTED_EDGE('',*,*,#1813,.F.);
#2191 = CYLINDRICAL_SURFACE('',#2192,2.);
#2192 = AXIS2_PLACEMENT_3D('',#2193,#2194,#2195);
#2193 = CARTESIAN_POINT('',(15.799603273397,-41.5,29.5));
#2194 = DIRECTION('',(1.1E-16,-1.,3.3E-16));
#2195 = DIRECTION('',(6.7E-16,-3.3E-16,-1.));
#2196 = ADVANCED_FACE('',(#2197),#2215,.F.);
#2197 = FACE_BOUND('',#2198,.F.);
#2198 = EDGE_LOOP('',(#2199,#2200,#2208,#2214));
#2199 = ORIENTED_EDGE('',*,*,#2185,.T.);
#2200 = ORIENTED_EDGE('',*,*,#2201,.T.);
#2201 = EDGE_CURVE('',#2177,#2202,#2204,.T.);
#2202 = VERTEX_POINT('',#2203);
#2203 = CARTESIAN_POINT('',(13.799603273397,-29.5,18.5));
#2204 = LINE('',#2205,#2206);
#2205 = CARTESIAN_POINT('',(13.799603273397,-29.5,29.5));
#2206 = VECTOR('',#2207,1.);
#2207 = DIRECTION('',(6.7E-16,3.3E-16,-1.));
#2208 = ORIENTED_EDGE('',*,*,#2209,.F.);
#2209 = EDGE_CURVE('',#1797,#2202,#2210,.T.);
#2210 = LINE('',#2211,#2212);
#2211 = CARTESIAN_POINT('',(13.799603273397,-41.5,18.5));
#2212 = VECTOR('',#2213,1.);
#2213 = DIRECTION('',(-3.3E-16,1.,-5.6E-16));
#2214 = ORIENTED_EDGE('',*,*,#1805,.F.);
#2215 = PLANE('',#2216);
#2216 = AXIS2_PLACEMENT_3D('',#2217,#2218,#2219);
#2217 = CARTESIAN_POINT('',(13.799603273397,-41.5,29.5));
#2218 = DIRECTION('',(-1.,1.1E-16,-2.2E-16));
#2219 = DIRECTION('',(2.2E-16,1.1E-16,-1.));
#2220 = ADVANCED_FACE('',(#2221),#2240,.F.);
#2221 = FACE_BOUND('',#2222,.F.);
#2222 = EDGE_LOOP('',(#2223,#2224,#2233,#2239));
#2223 = ORIENTED_EDGE('',*,*,#2209,.T.);
#2224 = ORIENTED_EDGE('',*,*,#2225,.T.);
#2225 = EDGE_CURVE('',#2202,#2226,#2228,.T.);
#2226 = VERTEX_POINT('',#2227);
#2227 = CARTESIAN_POINT('',(15.799603273397,-29.5,16.5));
#2228 = CIRCLE('',#2229,2.);
#2229 = AXIS2_PLACEMENT_3D('',#2230,#2231,#2232);
#2230 = CARTESIAN_POINT('',(15.799603273397,-29.5,18.5));
#2231 = DIRECTION('',(-3.3E-16,-1.,-3.3E-16));
#2232 = DIRECTION('',(6.7E-16,3.3E-16,-1.));
#2233 = ORIENTED_EDGE('',*,*,#2234,.F.);
#2234 = EDGE_CURVE('',#1789,#2226,#2235,.T.);
#2235 = LINE('',#2236,#2237);
#2236 = CARTESIAN_POINT('',(15.799603273397,-41.5,16.5));
#2237 = VECTOR('',#2238,1.);
#2238 = DIRECTION('',(-3.3E-16,1.,-5.6E-16));
#2239 = ORIENTED_EDGE('',*,*,#1796,.F.);
#2240 = CYLINDRICAL_SURFACE('',#2241,2.);
#2241 = AXIS2_PLACEMENT_3D('',#2242,#2243,#2244);
#2242 = CARTESIAN_POINT('',(15.799603273397,-41.5,18.5));
#2243 = DIRECTION('',(1.1E-16,-1.,3.3E-16));
#2244 = DIRECTION('',(6.7E-16,-3.3E-16,-1.));
#2245 = ADVANCED_FACE('',(#2246),#2264,.F.);
#2246 = FACE_BOUND('',#2247,.F.);
#2247 = EDGE_LOOP('',(#2248,#2249,#2257,#2263));
#2248 = ORIENTED_EDGE('',*,*,#2234,.T.);
#2249 = ORIENTED_EDGE('',*,*,#2250,.T.);
#2250 = EDGE_CURVE('',#2226,#2251,#2253,.T.);
#2251 = VERTEX_POINT('',#2252);
#2252 = CARTESIAN_POINT('',(20.799603273397,-29.5,16.5));
#2253 = LINE('',#2254,#2255);
#2254 = CARTESIAN_POINT('',(15.799603273397,-29.5,16.5));
#2255 = VECTOR('',#2256,1.);
#2256 = DIRECTION('',(1.,-3.3E-16,-2.2E-16));
#2257 = ORIENTED_EDGE('',*,*,#2258,.F.);
#2258 = EDGE_CURVE('',#1780,#2251,#2259,.T.);
#2259 = LINE('',#2260,#2261);
#2260 = CARTESIAN_POINT('',(20.799603273397,-41.5,16.5));
#2261 = VECTOR('',#2262,1.);
#2262 = DIRECTION('',(-3.3E-16,1.,-5.6E-16));
#2263 = ORIENTED_EDGE('',*,*,#1788,.F.);
#2264 = PLANE('',#2265);
#2265 = AXIS2_PLACEMENT_3D('',#2266,#2267,#2268);
#2266 = CARTESIAN_POINT('',(15.799603273397,-41.5,16.5));
#2267 = DIRECTION('',(4.4E-16,-1.1E-16,-1.));
#2268 = DIRECTION('',(1.,-3.3E-16,4.4E-16));
#2269 = ADVANCED_FACE('',(#2270),#2289,.F.);
#2270 = FACE_BOUND('',#2271,.F.);
#2271 = EDGE_LOOP('',(#2272,#2273,#2282,#2288));
#2272 = ORIENTED_EDGE('',*,*,#2258,.T.);
#2273 = ORIENTED_EDGE('',*,*,#2274,.T.);
#2274 = EDGE_CURVE('',#2251,#2275,#2277,.T.);
#2275 = VERTEX_POINT('',#2276);
#2276 = CARTESIAN_POINT('',(22.799603273397,-29.5,18.5));
#2277 = CIRCLE('',#2278,2.);
#2278 = AXIS2_PLACEMENT_3D('',#2279,#2280,#2281);
#2279 = CARTESIAN_POINT('',(20.799603273397,-29.5,18.5));
#2280 = DIRECTION('',(-3.3E-16,-1.,-3.3E-16));
#2281 = DIRECTION('',(6.7E-16,3.3E-16,-1.));
#2282 = ORIENTED_EDGE('',*,*,#2283,.F.);
#2283 = EDGE_CURVE('',#1772,#2275,#2284,.T.);
#2284 = LINE('',#2285,#2286);
#2285 = CARTESIAN_POINT('',(22.799603273397,-41.5,18.5));
#2286 = VECTOR('',#2287,1.);
#2287 = DIRECTION('',(-3.3E-16,1.,-5.6E-16));
#2288 = ORIENTED_EDGE('',*,*,#1779,.F.);
#2289 = CYLINDRICAL_SURFACE('',#2290,2.);
#2290 = AXIS2_PLACEMENT_3D('',#2291,#2292,#2293);
#2291 = CARTESIAN_POINT('',(20.799603273397,-41.5,18.5));
#2292 = DIRECTION('',(1.1E-16,-1.,3.3E-16));
#2293 = DIRECTION('',(6.7E-16,-3.3E-16,-1.));
#2294 = ADVANCED_FACE('',(#2295),#2313,.F.);
#2295 = FACE_BOUND('',#2296,.F.);
#2296 = EDGE_LOOP('',(#2297,#2298,#2306,#2312));
#2297 = ORIENTED_EDGE('',*,*,#2283,.T.);
#2298 = ORIENTED_EDGE('',*,*,#2299,.T.);
#2299 = EDGE_CURVE('',#2275,#2300,#2302,.T.);
#2300 = VERTEX_POINT('',#2301);
#2301 = CARTESIAN_POINT('',(22.799603273397,-29.5,29.5));
#2302 = LINE('',#2303,#2304);
#2303 = CARTESIAN_POINT('',(22.799603273397,-29.5,18.5));
#2304 = VECTOR('',#2305,1.);
#2305 = DIRECTION('',(-6.7E-16,-3.3E-16,1.));
#2306 = ORIENTED_EDGE('',*,*,#2307,.F.);
#2307 = EDGE_CURVE('',#1763,#2300,#2308,.T.);
#2308 = LINE('',#2309,#2310);
#2309 = CARTESIAN_POINT('',(22.799603273397,-41.5,29.5));
#2310 = VECTOR('',#2311,1.);
#2311 = DIRECTION('',(-3.3E-16,1.,-5.6E-16));
#2312 = ORIENTED_EDGE('',*,*,#1771,.F.);
#2313 = PLANE('',#2314);
#2314 = AXIS2_PLACEMENT_3D('',#2315,#2316,#2317);
#2315 = CARTESIAN_POINT('',(22.799603273397,-41.5,18.5));
#2316 = DIRECTION('',(1.,-1.1E-16,2.2E-16));
#2317 = DIRECTION('',(-2.2E-16,-1.1E-16,1.));
#2318 = ADVANCED_FACE('',(#2319),#2331,.F.);
#2319 = FACE_BOUND('',#2320,.F.);
#2320 = EDGE_LOOP('',(#2321,#2322,#2329,#2330));
#2321 = ORIENTED_EDGE('',*,*,#2307,.T.);
#2322 = ORIENTED_EDGE('',*,*,#2323,.T.);
#2323 = EDGE_CURVE('',#2300,#2145,#2324,.T.);
#2324 = CIRCLE('',#2325,2.);
#2325 = AXIS2_PLACEMENT_3D('',#2326,#2327,#2328);
#2326 = CARTESIAN_POINT('',(20.799603273397,-29.5,29.5));
#2327 = DIRECTION('',(-3.3E-16,-1.,-3.3E-16));
#2328 = DIRECTION('',(6.7E-16,3.3E-16,-1.));
#2329 = ORIENTED_EDGE('',*,*,#2144,.F.);
#2330 = ORIENTED_EDGE('',*,*,#1762,.F.);
#2331 = CYLINDRICAL_SURFACE('',#2332,2.);
#2332 = AXIS2_PLACEMENT_3D('',#2333,#2334,#2335);
#2333 = CARTESIAN_POINT('',(20.799603273397,-41.5,29.5));
#2334 = DIRECTION('',(1.1E-16,-1.,3.3E-16));
#2335 = DIRECTION('',(6.7E-16,-3.3E-16,-1.));
#2336 = ADVANCED_FACE('',(#2337),#2347,.F.);
#2337 = FACE_BOUND('',#2338,.T.);
#2338 = EDGE_LOOP('',(#2339,#2340,#2341,#2342,#2343,#2344,#2345,#2346));
#2339 = ORIENTED_EDGE('',*,*,#2152,.T.);
#2340 = ORIENTED_EDGE('',*,*,#2176,.T.);
#2341 = ORIENTED_EDGE('',*,*,#2201,.T.);
#2342 = ORIENTED_EDGE('',*,*,#2225,.T.);
#2343 = ORIENTED_EDGE('',*,*,#2250,.T.);
#2344 = ORIENTED_EDGE('',*,*,#2274,.T.);
#2345 = ORIENTED_EDGE('',*,*,#2299,.T.);
#2346 = ORIENTED_EDGE('',*,*,#2323,.T.);
#2347 = PLANE('',#2348);
#2348 = AXIS2_PLACEMENT_3D('',#2349,#2350,#2351);
#2349 = CARTESIAN_POINT('',(18.299603273397,-29.5,24.));
#2350 = DIRECTION('',(-5.6E-16,1.,-5.6E-16));
#2351 = DIRECTION('',(-6.7E-16,5.6E-16,1.));
#2352 = ADVANCED_FACE('',(#2353),#2378,.F.);
#2353 = FACE_BOUND('',#2354,.F.);
#2354 = EDGE_LOOP('',(#2355,#2363,#2371,#2377));
#2355 = ORIENTED_EDGE('',*,*,#2356,.T.);
#2356 = EDGE_CURVE('',#1823,#2357,#2359,.T.);
#2357 = VERTEX_POINT('',#2358);
#2358 = CARTESIAN_POINT('',(-15.2003967266,-29.5,31.5));
#2359 = LINE('',#2360,#2361);
#2360 = CARTESIAN_POINT('',(-15.2003967266,-41.5,31.5));
#2361 = VECTOR('',#2362,1.);
#2362 = DIRECTION('',(-3.3E-16,1.,-5.6E-16));
#2363 = ORIENTED_EDGE('',*,*,#2364,.T.);
#2364 = EDGE_CURVE('',#2357,#2365,#2367,.T.);
#2365 = VERTEX_POINT('',#2366);
#2366 = CARTESIAN_POINT('',(-20.2003967266,-29.5,31.5));
#2367 = LINE('',#2368,#2369);
#2368 = CARTESIAN_POINT('',(-15.2003967266,-29.5,31.5));
#2369 = VECTOR('',#2370,1.);
#2370 = DIRECTION('',(-1.,3.3E-16,2.2E-16));
#2371 = ORIENTED_EDGE('',*,*,#2372,.F.);
#2372 = EDGE_CURVE('',#1825,#2365,#2373,.T.);
#2373 = LINE('',#2374,#2375);
#2374 = CARTESIAN_POINT('',(-20.2003967266,-41.5,31.5));
#2375 = VECTOR('',#2376,1.);
#2376 = DIRECTION('',(-3.3E-16,1.,-5.6E-16));
#2377 = ORIENTED_EDGE('',*,*,#1822,.F.);
#2378 = PLANE('',#2379);
#2379 = AXIS2_PLACEMENT_3D('',#2380,#2381,#2382);
#2380 = CARTESIAN_POINT('',(-15.2003967266,-41.5,31.5));
#2381 = DIRECTION('',(-4.4E-16,1.1E-16,1.));
#2382 = DIRECTION('',(-1.,3.3E-16,-4.4E-16));
#2383 = ADVANCED_FACE('',(#2384),#2403,.F.);
#2384 = FACE_BOUND('',#2385,.F.);
#2385 = EDGE_LOOP('',(#2386,#2387,#2396,#2402));
#2386 = ORIENTED_EDGE('',*,*,#2372,.T.);
#2387 = ORIENTED_EDGE('',*,*,#2388,.T.);
#2388 = EDGE_CURVE('',#2365,#2389,#2391,.T.);
#2389 = VERTEX_POINT('',#2390);
#2390 = CARTESIAN_POINT('',(-22.2003967266,-29.5,29.5));
#2391 = CIRCLE('',#2392,2.);
#2392 = AXIS2_PLACEMENT_3D('',#2393,#2394,#2395);
#2393 = CARTESIAN_POINT('',(-20.2003967266,-29.5,29.5));
#2394 = DIRECTION('',(-3.3E-16,-1.,-3.3E-16));
#2395 = DIRECTION('',(6.7E-16,3.3E-16,-1.));
#2396 = ORIENTED_EDGE('',*,*,#2397,.F.);
#2397 = EDGE_CURVE('',#1876,#2389,#2398,.T.);
#2398 = LINE('',#2399,#2400);
#2399 = CARTESIAN_POINT('',(-22.2003967266,-41.5,29.5));
#2400 = VECTOR('',#2401,1.);
#2401 = DIRECTION('',(-3.3E-16,1.,-5.6E-16));
#2402 = ORIENTED_EDGE('',*,*,#1883,.F.);
#2403 = CYLINDRICAL_SURFACE('',#2404,2.);
#2404 = AXIS2_PLACEMENT_3D('',#2405,#2406,#2407);
#2405 = CARTESIAN_POINT('',(-20.2003967266,-41.5,29.5));
#2406 = DIRECTION('',(1.1E-16,-1.,3.3E-16));
#2407 = DIRECTION('',(6.7E-16,-3.3E-16,-1.));
#2408 = ADVANCED_FACE('',(#2409),#2427,.F.);
#2409 = FACE_BOUND('',#2410,.F.);
#2410 = EDGE_LOOP('',(#2411,#2412,#2420,#2426));
#2411 = ORIENTED_EDGE('',*,*,#2397,.T.);
#2412 = ORIENTED_EDGE('',*,*,#2413,.T.);
#2413 = EDGE_CURVE('',#2389,#2414,#2416,.T.);
#2414 = VERTEX_POINT('',#2415);
#2415 = CARTESIAN_POINT('',(-22.2003967266,-29.5,18.5));
#2416 = LINE('',#2417,#2418);
#2417 = CARTESIAN_POINT('',(-22.2003967266,-29.5,29.5));
#2418 = VECTOR('',#2419,1.);
#2419 = DIRECTION('',(6.7E-16,3.3E-16,-1.));
#2420 = ORIENTED_EDGE('',*,*,#2421,.F.);
#2421 = EDGE_CURVE('',#1867,#2414,#2422,.T.);
#2422 = LINE('',#2423,#2424);
#2423 = CARTESIAN_POINT('',(-22.2003967266,-41.5,18.5));
#2424 = VECTOR('',#2425,1.);
#2425 = DIRECTION('',(-3.3E-16,1.,-5.6E-16));
#2426 = ORIENTED_EDGE('',*,*,#1875,.F.);
#2427 = PLANE('',#2428);
#2428 = AXIS2_PLACEMENT_3D('',#2429,#2430,#2431);
#2429 = CARTESIAN_POINT('',(-22.2003967266,-41.5,29.5));
#2430 = DIRECTION('',(-1.,1.1E-16,-2.2E-16));
#2431 = DIRECTION('',(2.2E-16,1.1E-16,-1.));
#2432 = ADVANCED_FACE('',(#2433),#2452,.F.);
#2433 = FACE_BOUND('',#2434,.F.);
#2434 = EDGE_LOOP('',(#2435,#2436,#2445,#2451));
#2435 = ORIENTED_EDGE('',*,*,#2421,.T.);
#2436 = ORIENTED_EDGE('',*,*,#2437,.T.);
#2437 = EDGE_CURVE('',#2414,#2438,#2440,.T.);
#2438 = VERTEX_POINT('',#2439);
#2439 = CARTESIAN_POINT('',(-20.2003967266,-29.5,16.5));
#2440 = CIRCLE('',#2441,2.);
#2441 = AXIS2_PLACEMENT_3D('',#2442,#2443,#2444);
#2442 = CARTESIAN_POINT('',(-20.2003967266,-29.5,18.5));
#2443 = DIRECTION('',(-3.3E-16,-1.,-3.3E-16));
#2444 = DIRECTION('',(6.7E-16,3.3E-16,-1.));
#2445 = ORIENTED_EDGE('',*,*,#2446,.F.);
#2446 = EDGE_CURVE('',#1859,#2438,#2447,.T.);
#2447 = LINE('',#2448,#2449);
#2448 = CARTESIAN_POINT('',(-20.2003967266,-41.5,16.5));
#2449 = VECTOR('',#2450,1.);
#2450 = DIRECTION('',(-3.3E-16,1.,-5.6E-16));
#2451 = ORIENTED_EDGE('',*,*,#1866,.F.);
#2452 = CYLINDRICAL_SURFACE('',#2453,2.);
#2453 = AXIS2_PLACEMENT_3D('',#2454,#2455,#2456);
#2454 = CARTESIAN_POINT('',(-20.2003967266,-41.5,18.5));
#2455 = DIRECTION('',(1.1E-16,-1.,3.3E-16));
#2456 = DIRECTION('',(6.7E-16,-3.3E-16,-1.));
#2457 = ADVANCED_FACE('',(#2458),#2476,.F.);
#2458 = FACE_BOUND('',#2459,.F.);
#2459 = EDGE_LOOP('',(#2460,#2461,#2469,#2475));
#2460 = ORIENTED_EDGE('',*,*,#2446,.T.);
#2461 = ORIENTED_EDGE('',*,*,#2462,.T.);
#2462 = EDGE_CURVE('',#2438,#2463,#2465,.T.);
#2463 = VERTEX_POINT('',#2464);
#2464 = CARTESIAN_POINT('',(-15.2003967266,-29.5,16.5));
#2465 = LINE('',#2466,#2467);
#2466 = CARTESIAN_POINT('',(-20.2003967266,-29.5,16.5));
#2467 = VECTOR('',#2468,1.);
#2468 = DIRECTION('',(1.,-3.3E-16,-2.2E-16));
#2469 = ORIENTED_EDGE('',*,*,#2470,.F.);
#2470 = EDGE_CURVE('',#1850,#2463,#2471,.T.);
#2471 = LINE('',#2472,#2473);
#2472 = CARTESIAN_POINT('',(-15.2003967266,-41.5,16.5));
#2473 = VECTOR('',#2474,1.);
#2474 = DIRECTION('',(-3.3E-16,1.,-5.6E-16));
#2475 = ORIENTED_EDGE('',*,*,#1858,.F.);
#2476 = PLANE('',#2477);
#2477 = AXIS2_PLACEMENT_3D('',#2478,#2479,#2480);
#2478 = CARTESIAN_POINT('',(-20.2003967266,-41.5,16.5));
#2479 = DIRECTION('',(4.4E-16,-1.1E-16,-1.));
#2480 = DIRECTION('',(1.,-3.3E-16,4.4E-16));
#2481 = ADVANCED_FACE('',(#2482),#2501,.F.);
#2482 = FACE_BOUND('',#2483,.F.);
#2483 = EDGE_LOOP('',(#2484,#2485,#2494,#2500));
#2484 = ORIENTED_EDGE('',*,*,#2470,.T.);
#2485 = ORIENTED_EDGE('',*,*,#2486,.T.);
#2486 = EDGE_CURVE('',#2463,#2487,#2489,.T.);
#2487 = VERTEX_POINT('',#2488);
#2488 = CARTESIAN_POINT('',(-13.2003967266,-29.5,18.5));
#2489 = CIRCLE('',#2490,2.);
#2490 = AXIS2_PLACEMENT_3D('',#2491,#2492,#2493);
#2491 = CARTESIAN_POINT('',(-15.2003967266,-29.5,18.5));
#2492 = DIRECTION('',(-3.3E-16,-1.,-3.3E-16));
#2493 = DIRECTION('',(6.7E-16,3.3E-16,-1.));
#2494 = ORIENTED_EDGE('',*,*,#2495,.F.);
#2495 = EDGE_CURVE('',#1842,#2487,#2496,.T.);
#2496 = LINE('',#2497,#2498);
#2497 = CARTESIAN_POINT('',(-13.2003967266,-41.5,18.5));
#2498 = VECTOR('',#2499,1.);
#2499 = DIRECTION('',(-3.3E-16,1.,-5.6E-16));
#2500 = ORIENTED_EDGE('',*,*,#1849,.F.);
#2501 = CYLINDRICAL_SURFACE('',#2502,2.);
#2502 = AXIS2_PLACEMENT_3D('',#2503,#2504,#2505);
#2503 = CARTESIAN_POINT('',(-15.2003967266,-41.5,18.5));
#2504 = DIRECTION('',(1.1E-16,-1.,3.3E-16));
#2505 = DIRECTION('',(6.7E-16,-3.3E-16,-1.));
#2506 = ADVANCED_FACE('',(#2507),#2525,.F.);
#2507 = FACE_BOUND('',#2508,.F.);
#2508 = EDGE_LOOP('',(#2509,#2510,#2518,#2524));
#2509 = ORIENTED_EDGE('',*,*,#2495,.T.);
#2510 = ORIENTED_EDGE('',*,*,#2511,.T.);
#2511 = EDGE_CURVE('',#2487,#2512,#2514,.T.);
#2512 = VERTEX_POINT('',#2513);
#2513 = CARTESIAN_POINT('',(-13.2003967266,-29.5,29.5));
#2514 = LINE('',#2515,#2516);
#2515 = CARTESIAN_POINT('',(-13.2003967266,-29.5,18.5));
#2516 = VECTOR('',#2517,1.);
#2517 = DIRECTION('',(-6.7E-16,-3.3E-16,1.));
#2518 = ORIENTED_EDGE('',*,*,#2519,.F.);
#2519 = EDGE_CURVE('',#1833,#2512,#2520,.T.);
#2520 = LINE('',#2521,#2522);
#2521 = CARTESIAN_POINT('',(-13.2003967266,-41.5,29.5));
#2522 = VECTOR('',#2523,1.);
#2523 = DIRECTION('',(-3.3E-16,1.,-5.6E-16));
#2524 = ORIENTED_EDGE('',*,*,#1841,.F.);
#2525 = PLANE('',#2526);
#2526 = AXIS2_PLACEMENT_3D('',#2527,#2528,#2529);
#2527 = CARTESIAN_POINT('',(-13.2003967266,-41.5,18.5));
#2528 = DIRECTION('',(1.,-1.1E-16,2.2E-16));
#2529 = DIRECTION('',(-2.2E-16,-1.1E-16,1.));
#2530 = ADVANCED_FACE('',(#2531),#2543,.F.);
#2531 = FACE_BOUND('',#2532,.F.);
#2532 = EDGE_LOOP('',(#2533,#2534,#2541,#2542));
#2533 = ORIENTED_EDGE('',*,*,#2519,.T.);
#2534 = ORIENTED_EDGE('',*,*,#2535,.T.);
#2535 = EDGE_CURVE('',#2512,#2357,#2536,.T.);
#2536 = CIRCLE('',#2537,2.);
#2537 = AXIS2_PLACEMENT_3D('',#2538,#2539,#2540);
#2538 = CARTESIAN_POINT('',(-15.2003967266,-29.5,29.5));
#2539 = DIRECTION('',(-3.3E-16,-1.,-3.3E-16));
#2540 = DIRECTION('',(6.7E-16,3.3E-16,-1.));
#2541 = ORIENTED_EDGE('',*,*,#2356,.F.);
#2542 = ORIENTED_EDGE('',*,*,#1832,.F.);
#2543 = CYLINDRICAL_SURFACE('',#2544,2.);
#2544 = AXIS2_PLACEMENT_3D('',#2545,#2546,#2547);
#2545 = CARTESIAN_POINT('',(-15.2003967266,-41.5,29.5));
#2546 = DIRECTION('',(1.1E-16,-1.,3.3E-16));
#2547 = DIRECTION('',(6.7E-16,-3.3E-16,-1.));
#2548 = ADVANCED_FACE('',(#2549),#2559,.F.);
#2549 = FACE_BOUND('',#2550,.T.);
#2550 = EDGE_LOOP('',(#2551,#2552,#2553,#2554,#2555,#2556,#2557,#2558));
#2551 = ORIENTED_EDGE('',*,*,#2364,.T.);
#2552 = ORIENTED_EDGE('',*,*,#2388,.T.);
#2553 = ORIENTED_EDGE('',*,*,#2413,.T.);
#2554 = ORIENTED_EDGE('',*,*,#2437,.T.);
#2555 = ORIENTED_EDGE('',*,*,#2462,.T.);
#2556 = ORIENTED_EDGE('',*,*,#2486,.T.);
#2557 = ORIENTED_EDGE('',*,*,#2511,.T.);
#2558 = ORIENTED_EDGE('',*,*,#2535,.T.);
#2559 = PLANE('',#2560);
#2560 = AXIS2_PLACEMENT_3D('',#2561,#2562,#2563);
#2561 = CARTESIAN_POINT('',(-17.7003967266,-29.5,24.));
#2562 = DIRECTION('',(-5.6E-16,1.,-5.6E-16));
#2563 = DIRECTION('',(-6.7E-16,5.6E-16,1.));
#2564 = ADVANCED_FACE('',(#2565),#2590,.F.);
#2565 = FACE_BOUND('',#2566,.F.);
#2566 = EDGE_LOOP('',(#2567,#2575,#2583,#2589));
#2567 = ORIENTED_EDGE('',*,*,#2568,.F.);
#2568 = EDGE_CURVE('',#2569,#1893,#2571,.T.);
#2569 = VERTEX_POINT('',#2570);
#2570 = CARTESIAN_POINT('',(-3.700396726603,-46.,4.2));
#2571 = LINE('',#2572,#2573);
#2572 = CARTESIAN_POINT('',(-3.700396726603,-46.,4.2));
#2573 = VECTOR('',#2574,1.);
#2574 = DIRECTION('',(0.,1.,0.));
#2575 = ORIENTED_EDGE('',*,*,#2576,.F.);
#2576 = EDGE_CURVE('',#2577,#2569,#2579,.T.);
#2577 = VERTEX_POINT('',#2578);
#2578 = CARTESIAN_POINT('',(-3.700396726603,-46.,1.3348));
#2579 = LINE('',#2580,#2581);
#2580 = CARTESIAN_POINT('',(-3.700396726603,-46.,1.3348));
#2581 = VECTOR('',#2582,1.);
#2582 = DIRECTION('',(0.,0.,1.));
#2583 = ORIENTED_EDGE('',*,*,#2584,.F.);
#2584 = EDGE_CURVE('',#1895,#2577,#2585,.T.);
#2585 = LINE('',#2586,#2587);
#2586 = CARTESIAN_POINT('',(-3.700396726603,-17.5,1.3348));
#2587 = VECTOR('',#2588,1.);
#2588 = DIRECTION('',(0.,-1.,0.));
#2589 = ORIENTED_EDGE('',*,*,#1892,.F.);
#2590 = PLANE('',#2591);
#2591 = AXIS2_PLACEMENT_3D('',#2592,#2593,#2594);
#2592 = CARTESIAN_POINT('',(-3.700396726603,-30.89066300829,
    2.82152757892));
#2593 = DIRECTION('',(1.,0.,0.));
#2594 = DIRECTION('',(0.,0.,1.));
#2595 = ADVANCED_FACE('',(#2596,#2614),#2656,.T.);
#2596 = FACE_BOUND('',#2597,.T.);
#2597 = EDGE_LOOP('',(#2598,#2599,#2600,#2608));
#2598 = ORIENTED_EDGE('',*,*,#2584,.F.);
#2599 = ORIENTED_EDGE('',*,*,#1918,.F.);
#2600 = ORIENTED_EDGE('',*,*,#2601,.T.);
#2601 = EDGE_CURVE('',#1911,#2602,#2604,.T.);
#2602 = VERTEX_POINT('',#2603);
#2603 = CARTESIAN_POINT('',(4.299603273397,-46.,1.3348));
#2604 = LINE('',#2605,#2606);
#2605 = CARTESIAN_POINT('',(4.299603273397,-17.5,1.3348));
#2606 = VECTOR('',#2607,1.);
#2607 = DIRECTION('',(0.,-1.,0.));
#2608 = ORIENTED_EDGE('',*,*,#2609,.F.);
#2609 = EDGE_CURVE('',#2577,#2602,#2610,.T.);
#2610 = LINE('',#2611,#2612);
#2611 = CARTESIAN_POINT('',(-3.700396726603,-46.,1.3348));
#2612 = VECTOR('',#2613,1.);
#2613 = DIRECTION('',(1.,-2.2E-16,0.));
#2614 = FACE_BOUND('',#2615,.T.);
#2615 = EDGE_LOOP('',(#2616,#2626,#2634,#2642,#2650));
#2616 = ORIENTED_EDGE('',*,*,#2617,.F.);
#2617 = EDGE_CURVE('',#2618,#2620,#2622,.T.);
#2618 = VERTEX_POINT('',#2619);
#2619 = CARTESIAN_POINT('',(-2.700396726603,-45.,1.3348));
#2620 = VERTEX_POINT('',#2621);
#2621 = CARTESIAN_POINT('',(-2.700396726603,-43.,1.3348));
#2622 = LINE('',#2623,#2624);
#2623 = CARTESIAN_POINT('',(-2.700396726603,-30.25,1.3348));
#2624 = VECTOR('',#2625,1.);
#2625 = DIRECTION('',(-2.2E-16,1.,-3.3E-16));
#2626 = ORIENTED_EDGE('',*,*,#2627,.F.);
#2627 = EDGE_CURVE('',#2628,#2618,#2630,.T.);
#2628 = VERTEX_POINT('',#2629);
#2629 = CARTESIAN_POINT('',(3.299603273397,-45.,1.3348));
#2630 = LINE('',#2631,#2632);
#2631 = CARTESIAN_POINT('',(-3.200396726603,-45.,1.3348));
#2632 = VECTOR('',#2633,1.);
#2633 = DIRECTION('',(-1.,-0.,-3.3E-16));
#2634 = ORIENTED_EDGE('',*,*,#2635,.F.);
#2635 = EDGE_CURVE('',#2636,#2628,#2638,.T.);
#2636 = VERTEX_POINT('',#2637);
#2637 = CARTESIAN_POINT('',(3.299603273397,-43.,1.3348));
#2638 = LINE('',#2639,#2640);
#2639 = CARTESIAN_POINT('',(3.299603273397,-31.25,1.3348));
#2640 = VECTOR('',#2641,1.);
#2641 = DIRECTION('',(2.2E-16,-1.,3.3E-16));
#2642 = ORIENTED_EDGE('',*,*,#2643,.T.);
#2643 = EDGE_CURVE('',#2636,#2644,#2646,.T.);
#2644 = VERTEX_POINT('',#2645);
#2645 = CARTESIAN_POINT('',(0.299603273397,-42.,1.3348));
#2646 = LINE('',#2647,#2648);
#2647 = CARTESIAN_POINT('',(-5.175396726603,-40.175,1.3348));
#2648 = VECTOR('',#2649,1.);
#2649 = DIRECTION('',(-0.948683298051,0.316227766017,-4.2E-16));
#2650 = ORIENTED_EDGE('',*,*,#2651,.F.);
#2651 = EDGE_CURVE('',#2620,#2644,#2652,.T.);
#2652 = LINE('',#2653,#2654);
#2653 = CARTESIAN_POINT('',(2.174603273397,-41.375,1.3348));
#2654 = VECTOR('',#2655,1.);
#2655 = DIRECTION('',(0.948683298051,0.316227766017,2.1E-16));
#2656 = PLANE('',#2657);
#2657 = AXIS2_PLACEMENT_3D('',#2658,#2659,#2660);
#2658 = CARTESIAN_POINT('',(-3.700396726603,-17.5,1.3348));
#2659 = DIRECTION('',(-0.,-2.2E-16,-1.));
#2660 = DIRECTION('',(0.,-1.,2.2E-16));
#2661 = ADVANCED_FACE('',(#2662),#2680,.T.);
#2662 = FACE_BOUND('',#2663,.T.);
#2663 = EDGE_LOOP('',(#2664,#2672,#2678,#2679));
#2664 = ORIENTED_EDGE('',*,*,#2665,.F.);
#2665 = EDGE_CURVE('',#2666,#1903,#2668,.T.);
#2666 = VERTEX_POINT('',#2667);
#2667 = CARTESIAN_POINT('',(4.299603273397,-46.,4.2));
#2668 = LINE('',#2669,#2670);
#2669 = CARTESIAN_POINT('',(4.299603273397,-46.,4.2));
#2670 = VECTOR('',#2671,1.);
#2671 = DIRECTION('',(0.,1.,0.));
#2672 = ORIENTED_EDGE('',*,*,#2673,.F.);
#2673 = EDGE_CURVE('',#2602,#2666,#2674,.T.);
#2674 = LINE('',#2675,#2676);
#2675 = CARTESIAN_POINT('',(4.299603273397,-46.,1.3348));
#2676 = VECTOR('',#2677,1.);
#2677 = DIRECTION('',(0.,0.,1.));
#2678 = ORIENTED_EDGE('',*,*,#2601,.F.);
#2679 = ORIENTED_EDGE('',*,*,#1910,.F.);
#2680 = PLANE('',#2681);
#2681 = AXIS2_PLACEMENT_3D('',#2682,#2683,#2684);
#2682 = CARTESIAN_POINT('',(4.299603273397,-30.89066300829,2.82152757892
    ));
#2683 = DIRECTION('',(1.,0.,0.));
#2684 = DIRECTION('',(0.,0.,1.));
#2685 = ADVANCED_FACE('',(#2686,#2697),#2739,.T.);
#2686 = FACE_BOUND('',#2687,.T.);
#2687 = EDGE_LOOP('',(#2688,#2689,#2695,#2696));
#2688 = ORIENTED_EDGE('',*,*,#2568,.F.);
#2689 = ORIENTED_EDGE('',*,*,#2690,.T.);
#2690 = EDGE_CURVE('',#2569,#2666,#2691,.T.);
#2691 = LINE('',#2692,#2693);
#2692 = CARTESIAN_POINT('',(-3.700396726603,-46.,4.2));
#2693 = VECTOR('',#2694,1.);
#2694 = DIRECTION('',(1.,-2.2E-16,0.));
#2695 = ORIENTED_EDGE('',*,*,#2665,.T.);
#2696 = ORIENTED_EDGE('',*,*,#1902,.F.);
#2697 = FACE_BOUND('',#2698,.T.);
#2698 = EDGE_LOOP('',(#2699,#2709,#2717,#2725,#2733));
#2699 = ORIENTED_EDGE('',*,*,#2700,.F.);
#2700 = EDGE_CURVE('',#2701,#2703,#2705,.T.);
#2701 = VERTEX_POINT('',#2702);
#2702 = CARTESIAN_POINT('',(-2.700396726603,-43.,4.2));
#2703 = VERTEX_POINT('',#2704);
#2704 = CARTESIAN_POINT('',(-2.700396726603,-45.,4.2));
#2705 = LINE('',#2706,#2707);
#2706 = CARTESIAN_POINT('',(-2.700396726603,-43.,4.2));
#2707 = VECTOR('',#2708,1.);
#2708 = DIRECTION('',(0.,-1.,0.));
#2709 = ORIENTED_EDGE('',*,*,#2710,.F.);
#2710 = EDGE_CURVE('',#2711,#2701,#2713,.T.);
#2711 = VERTEX_POINT('',#2712);
#2712 = CARTESIAN_POINT('',(0.299603273397,-42.,4.2));
#2713 = LINE('',#2714,#2715);
#2714 = CARTESIAN_POINT('',(0.299603273397,-42.,4.2));
#2715 = VECTOR('',#2716,1.);
#2716 = DIRECTION('',(-0.948683298051,-0.316227766017,0.));
#2717 = ORIENTED_EDGE('',*,*,#2718,.T.);
#2718 = EDGE_CURVE('',#2711,#2719,#2721,.T.);
#2719 = VERTEX_POINT('',#2720);
#2720 = CARTESIAN_POINT('',(3.299603273397,-43.,4.2));
#2721 = LINE('',#2722,#2723);
#2722 = CARTESIAN_POINT('',(0.299603273397,-42.,4.2));
#2723 = VECTOR('',#2724,1.);
#2724 = DIRECTION('',(0.948683298051,-0.316227766017,0.));
#2725 = ORIENTED_EDGE('',*,*,#2726,.F.);
#2726 = EDGE_CURVE('',#2727,#2719,#2729,.T.);
#2727 = VERTEX_POINT('',#2728);
#2728 = CARTESIAN_POINT('',(3.299603273397,-45.,4.2));
#2729 = LINE('',#2730,#2731);
#2730 = CARTESIAN_POINT('',(3.299603273397,-45.,4.2));
#2731 = VECTOR('',#2732,1.);
#2732 = DIRECTION('',(0.,1.,0.));
#2733 = ORIENTED_EDGE('',*,*,#2734,.F.);
#2734 = EDGE_CURVE('',#2703,#2727,#2735,.T.);
#2735 = LINE('',#2736,#2737);
#2736 = CARTESIAN_POINT('',(-2.700396726603,-45.,4.2));
#2737 = VECTOR('',#2738,1.);
#2738 = DIRECTION('',(1.,0.,0.));
#2739 = PLANE('',#2740);
#2740 = AXIS2_PLACEMENT_3D('',#2741,#2742,#2743);
#2741 = CARTESIAN_POINT('',(-3.700396726603,-46.,4.2));
#2742 = DIRECTION('',(0.,2.2E-16,1.));
#2743 = DIRECTION('',(0.,1.,-2.2E-16));
#2744 = ADVANCED_FACE('',(#2745),#2751,.T.);
#2745 = FACE_BOUND('',#2746,.T.);
#2746 = EDGE_LOOP('',(#2747,#2748,#2749,#2750));
#2747 = ORIENTED_EDGE('',*,*,#2609,.T.);
#2748 = ORIENTED_EDGE('',*,*,#2673,.T.);
#2749 = ORIENTED_EDGE('',*,*,#2690,.F.);
#2750 = ORIENTED_EDGE('',*,*,#2576,.F.);
#2751 = PLANE('',#2752);
#2752 = AXIS2_PLACEMENT_3D('',#2753,#2754,#2755);
#2753 = CARTESIAN_POINT('',(-3.700396726603,-46.,1.3348));
#2754 = DIRECTION('',(-2.2E-16,-1.,-0.));
#2755 = DIRECTION('',(-2.2E-16,4.84E-32,1.));
#2756 = ADVANCED_FACE('',(#2757),#2773,.F.);
#2757 = FACE_BOUND('',#2758,.F.);
#2758 = EDGE_LOOP('',(#2759,#2760,#2766,#2767));
#2759 = ORIENTED_EDGE('',*,*,#2700,.F.);
#2760 = ORIENTED_EDGE('',*,*,#2761,.T.);
#2761 = EDGE_CURVE('',#2701,#2620,#2762,.T.);
#2762 = LINE('',#2763,#2764);
#2763 = CARTESIAN_POINT('',(-2.700396726603,-43.,4.2));
#2764 = VECTOR('',#2765,1.);
#2765 = DIRECTION('',(2.2E-16,0.,-1.));
#2766 = ORIENTED_EDGE('',*,*,#2617,.F.);
#2767 = ORIENTED_EDGE('',*,*,#2768,.F.);
#2768 = EDGE_CURVE('',#2703,#2618,#2769,.T.);
#2769 = LINE('',#2770,#2771);
#2770 = CARTESIAN_POINT('',(-2.700396726603,-45.,4.2));
#2771 = VECTOR('',#2772,1.);
#2772 = DIRECTION('',(2.2E-16,0.,-1.));
#2773 = PLANE('',#2774);
#2774 = AXIS2_PLACEMENT_3D('',#2775,#2776,#2777);
#2775 = CARTESIAN_POINT('',(-2.700396726603,-43.,4.2));
#2776 = DIRECTION('',(-1.,-2.2E-16,-2.2E-16));
#2777 = DIRECTION('',(2.2E-16,-1.,2.2E-16));
#2778 = ADVANCED_FACE('',(#2779),#2790,.F.);
#2779 = FACE_BOUND('',#2780,.F.);
#2780 = EDGE_LOOP('',(#2781,#2782,#2783,#2784));
#2781 = ORIENTED_EDGE('',*,*,#2734,.F.);
#2782 = ORIENTED_EDGE('',*,*,#2768,.T.);
#2783 = ORIENTED_EDGE('',*,*,#2627,.F.);
#2784 = ORIENTED_EDGE('',*,*,#2785,.F.);
#2785 = EDGE_CURVE('',#2727,#2628,#2786,.T.);
#2786 = LINE('',#2787,#2788);
#2787 = CARTESIAN_POINT('',(3.299603273397,-45.,4.2));
#2788 = VECTOR('',#2789,1.);
#2789 = DIRECTION('',(2.2E-16,0.,-1.));
#2790 = PLANE('',#2791);
#2791 = AXIS2_PLACEMENT_3D('',#2792,#2793,#2794);
#2792 = CARTESIAN_POINT('',(-2.700396726603,-45.,4.2));
#2793 = DIRECTION('',(0.,-1.,0.));
#2794 = DIRECTION('',(1.,0.,0.));
#2795 = ADVANCED_FACE('',(#2796),#2807,.F.);
#2796 = FACE_BOUND('',#2797,.F.);
#2797 = EDGE_LOOP('',(#2798,#2799,#2805,#2806));
#2798 = ORIENTED_EDGE('',*,*,#2710,.F.);
#2799 = ORIENTED_EDGE('',*,*,#2800,.T.);
#2800 = EDGE_CURVE('',#2711,#2644,#2801,.T.);
#2801 = LINE('',#2802,#2803);
#2802 = CARTESIAN_POINT('',(0.299603273397,-42.,4.2));
#2803 = VECTOR('',#2804,1.);
#2804 = DIRECTION('',(2.2E-16,0.,-1.));
#2805 = ORIENTED_EDGE('',*,*,#2651,.F.);
#2806 = ORIENTED_EDGE('',*,*,#2761,.F.);
#2807 = PLANE('',#2808);
#2808 = AXIS2_PLACEMENT_3D('',#2809,#2810,#2811);
#2809 = CARTESIAN_POINT('',(0.299603273397,-42.,4.2));
#2810 = DIRECTION('',(-0.316227766017,0.948683298051,-7.E-17));
#2811 = DIRECTION('',(-0.948683298051,-0.316227766017,7.E-17));
#2812 = ADVANCED_FACE('',(#2813),#2824,.F.);
#2813 = FACE_BOUND('',#2814,.F.);
#2814 = EDGE_LOOP('',(#2815,#2816,#2817,#2818));
#2815 = ORIENTED_EDGE('',*,*,#2726,.F.);
#2816 = ORIENTED_EDGE('',*,*,#2785,.T.);
#2817 = ORIENTED_EDGE('',*,*,#2635,.F.);
#2818 = ORIENTED_EDGE('',*,*,#2819,.F.);
#2819 = EDGE_CURVE('',#2719,#2636,#2820,.T.);
#2820 = LINE('',#2821,#2822);
#2821 = CARTESIAN_POINT('',(3.299603273397,-43.,4.2));
#2822 = VECTOR('',#2823,1.);
#2823 = DIRECTION('',(2.2E-16,0.,-1.));
#2824 = PLANE('',#2825);
#2825 = AXIS2_PLACEMENT_3D('',#2826,#2827,#2828);
#2826 = CARTESIAN_POINT('',(3.299603273397,-45.,4.2));
#2827 = DIRECTION('',(1.,2.2E-16,2.2E-16));
#2828 = DIRECTION('',(-2.2E-16,1.,-2.2E-16));
#2829 = ADVANCED_FACE('',(#2830),#2836,.T.);
#2830 = FACE_BOUND('',#2831,.T.);
#2831 = EDGE_LOOP('',(#2832,#2833,#2834,#2835));
#2832 = ORIENTED_EDGE('',*,*,#2718,.F.);
#2833 = ORIENTED_EDGE('',*,*,#2800,.T.);
#2834 = ORIENTED_EDGE('',*,*,#2643,.F.);
#2835 = ORIENTED_EDGE('',*,*,#2819,.F.);
#2836 = PLANE('',#2837);
#2837 = AXIS2_PLACEMENT_3D('',#2838,#2839,#2840);
#2838 = CARTESIAN_POINT('',(0.299603273397,-42.,4.2));
#2839 = DIRECTION('',(-0.316227766017,-0.948683298051,-7.E-17));
#2840 = DIRECTION('',(0.948683298051,-0.316227766017,7.E-17));
#2841 = ADVANCED_FACE('',(#2842),#2853,.T.);
#2842 = FACE_BOUND('',#2843,.T.);
#2843 = EDGE_LOOP('',(#2844,#2845,#2846,#2852));
#2844 = ORIENTED_EDGE('',*,*,#698,.T.);
#2845 = ORIENTED_EDGE('',*,*,#177,.T.);
#2846 = ORIENTED_EDGE('',*,*,#2847,.F.);
#2847 = EDGE_CURVE('',#837,#178,#2848,.T.);
#2848 = LINE('',#2849,#2850);
#2849 = CARTESIAN_POINT('',(9.299603273397,-22.5,64.2));
#2850 = VECTOR('',#2851,1.);
#2851 = DIRECTION('',(1.,-6.7E-16,-3.3E-16));
#2852 = ORIENTED_EDGE('',*,*,#836,.F.);
#2853 = PLANE('',#2854);
#2854 = AXIS2_PLACEMENT_3D('',#2855,#2856,#2857);
#2855 = CARTESIAN_POINT('',(0.299603273397,-22.5,57.2));
#2856 = DIRECTION('',(-0.,-1.,-8.1E-16));
#2857 = DIRECTION('',(0.,8.1E-16,-1.));
#2858 = ADVANCED_FACE('',(#2859),#2870,.T.);
#2859 = FACE_BOUND('',#2860,.T.);
#2860 = EDGE_LOOP('',(#2861,#2867,#2868,#2869));
#2861 = ORIENTED_EDGE('',*,*,#2862,.T.);
#2862 = EDGE_CURVE('',#954,#295,#2863,.T.);
#2863 = LINE('',#2864,#2865);
#2864 = CARTESIAN_POINT('',(-26.7003967266,-17.5,2.437E-14));
#2865 = VECTOR('',#2866,1.);
#2866 = DIRECTION('',(1.,-6.7E-16,-3.3E-16));
#2867 = ORIENTED_EDGE('',*,*,#302,.T.);
#2868 = ORIENTED_EDGE('',*,*,#1671,.F.);
#2869 = ORIENTED_EDGE('',*,*,#961,.F.);
#2870 = PLANE('',#2871);
#2871 = AXIS2_PLACEMENT_3D('',#2872,#2873,#2874);
#2872 = CARTESIAN_POINT('',(0.299603273397,-29.5,3.589E-14));
#2873 = DIRECTION('',(-4.9E-16,-1.21E-15,-1.));
#2874 = DIRECTION('',(0.,-1.,1.21E-15));
#2875 = ADVANCED_FACE('',(#2876),#2892,.T.);
#2876 = FACE_BOUND('',#2877,.T.);
#2877 = EDGE_LOOP('',(#2878,#2884,#2885,#2891));
#2878 = ORIENTED_EDGE('',*,*,#2879,.T.);
#2879 = EDGE_CURVE('',#922,#263,#2880,.T.);
#2880 = LINE('',#2881,#2882);
#2881 = CARTESIAN_POINT('',(-26.7003967266,41.5,-4.768E-14));
#2882 = VECTOR('',#2883,1.);
#2883 = DIRECTION('',(1.,-6.7E-16,-3.3E-16));
#2884 = ORIENTED_EDGE('',*,*,#270,.T.);
#2885 = ORIENTED_EDGE('',*,*,#2886,.F.);
#2886 = EDGE_CURVE('',#930,#271,#2887,.T.);
#2887 = LINE('',#2888,#2889);
#2888 = CARTESIAN_POINT('',(9.299603273397,17.5,-1.837E-14));
#2889 = VECTOR('',#2890,1.);
#2890 = DIRECTION('',(1.,-6.7E-16,-3.3E-16));
#2891 = ORIENTED_EDGE('',*,*,#929,.F.);
#2892 = PLANE('',#2893);
#2893 = AXIS2_PLACEMENT_3D('',#2894,#2895,#2896);
#2894 = CARTESIAN_POINT('',(0.299603273397,29.5,-3.64E-14));
#2895 = DIRECTION('',(-4.9E-16,-1.21E-15,-1.));
#2896 = DIRECTION('',(0.,-1.,1.21E-15));
#2897 = ADVANCED_FACE('',(#2898),#2934,.T.);
#2898 = FACE_BOUND('',#2899,.T.);
#2899 = EDGE_LOOP('',(#2900,#2906,#2907,#2908,#2909,#2917,#2925,#2931,
    #2932,#2933));
#2900 = ORIENTED_EDGE('',*,*,#2901,.T.);
#2901 = EDGE_CURVE('',#845,#186,#2902,.T.);
#2902 = LINE('',#2903,#2904);
#2903 = CARTESIAN_POINT('',(-26.7003967266,-21.10798158725,
    65.696108277102));
#2904 = VECTOR('',#2905,1.);
#2905 = DIRECTION('',(1.,-6.7E-16,-3.3E-16));
#2906 = ORIENTED_EDGE('',*,*,#194,.T.);
#2907 = ORIENTED_EDGE('',*,*,#325,.F.);
#2908 = ORIENTED_EDGE('',*,*,#103,.F.);
#2909 = ORIENTED_EDGE('',*,*,#2910,.F.);
#2910 = EDGE_CURVE('',#2911,#96,#2913,.T.);
#2911 = VERTEX_POINT('',#2912);
#2912 = CARTESIAN_POINT('',(4.799603273397,-7.996085926142,
    66.642479552083));
#2913 = LINE('',#2914,#2915);
#2914 = CARTESIAN_POINT('',(9.299603273397,-7.996085926142,
    66.642459104167));
#2915 = VECTOR('',#2916,1.);
#2916 = DIRECTION('',(1.,-6.7E-16,-3.3E-16));
#2917 = ORIENTED_EDGE('',*,*,#2918,.F.);
#2918 = EDGE_CURVE('',#2919,#2911,#2921,.T.);
#2919 = VERTEX_POINT('',#2920);
#2920 = CARTESIAN_POINT('',(-4.200396726603,-7.996085926142,
    66.642479552083));
#2921 = LINE('',#2922,#2923);
#2922 = CARTESIAN_POINT('',(-8.700396726603,-7.996085926142,
    66.642459104167));
#2923 = VECTOR('',#2924,1.);
#2924 = DIRECTION('',(1.,-6.7E-16,-3.3E-16));
#2925 = ORIENTED_EDGE('',*,*,#2926,.F.);
#2926 = EDGE_CURVE('',#772,#2919,#2927,.T.);
#2927 = LINE('',#2928,#2929);
#2928 = CARTESIAN_POINT('',(-8.700396726603,-7.996085926142,
    66.642459104167));
#2929 = VECTOR('',#2930,1.);
#2930 = DIRECTION('',(1.,-6.7E-16,-3.3E-16));
#2931 = ORIENTED_EDGE('',*,*,#771,.F.);
#2932 = ORIENTED_EDGE('',*,*,#984,.F.);
#2933 = ORIENTED_EDGE('',*,*,#853,.F.);
#2934 = PLANE('',#2935);
#2935 = AXIS2_PLACEMENT_3D('',#2936,#2937,#2938);
#2936 = CARTESIAN_POINT('',(0.299603273397,-14.55203375669,
    66.169283690634));
#2937 = DIRECTION('',(3.6E-16,-7.198772483688E-02,0.997405518068));
#2938 = DIRECTION('',(0.,0.997405518068,7.198772483688E-02));
#2939 = ADVANCED_FACE('',(#2940),#2974,.T.);
#2940 = FACE_BOUND('',#2941,.T.);
#2941 = EDGE_LOOP('',(#2942,#2952,#2960,#2968));
#2942 = ORIENTED_EDGE('',*,*,#2943,.F.);
#2943 = EDGE_CURVE('',#2944,#2946,#2948,.T.);
#2944 = VERTEX_POINT('',#2945);
#2945 = CARTESIAN_POINT('',(-4.200396726603,7.996085926142,
    66.642479552083));
#2946 = VERTEX_POINT('',#2947);
#2947 = CARTESIAN_POINT('',(4.799603273397,7.996085926142,
    66.642479552083));
#2948 = LINE('',#2949,#2950);
#2949 = CARTESIAN_POINT('',(-8.700396726603,7.996085926142,
    66.642459104166));
#2950 = VECTOR('',#2951,1.);
#2951 = DIRECTION('',(1.,-6.7E-16,-3.3E-16));
#2952 = ORIENTED_EDGE('',*,*,#2953,.T.);
#2953 = EDGE_CURVE('',#2944,#2954,#2956,.T.);
#2954 = VERTEX_POINT('',#2955);
#2955 = CARTESIAN_POINT('',(-4.200396726603,5.910266952967,66.6425));
#2956 = LINE('',#2957,#2958);
#2957 = CARTESIAN_POINT('',(-4.200396726603,10.,66.6425));
#2958 = VECTOR('',#2959,1.);
#2959 = DIRECTION('',(1.22E-15,-1.,1.E-15));
#2960 = ORIENTED_EDGE('',*,*,#2961,.T.);
#2961 = EDGE_CURVE('',#2954,#2962,#2964,.T.);
#2962 = VERTEX_POINT('',#2963);
#2963 = CARTESIAN_POINT('',(4.799603273397,5.910266952967,66.6425));
#2964 = LINE('',#2965,#2966);
#2965 = CARTESIAN_POINT('',(-4.200396726603,5.910266952966,66.6425));
#2966 = VECTOR('',#2967,1.);
#2967 = DIRECTION('',(1.,1.49E-15,1.33E-15));
#2968 = ORIENTED_EDGE('',*,*,#2969,.T.);
#2969 = EDGE_CURVE('',#2962,#2946,#2970,.T.);
#2970 = LINE('',#2971,#2972);
#2971 = CARTESIAN_POINT('',(4.799603273397,-10.,66.6425));
#2972 = VECTOR('',#2973,1.);
#2973 = DIRECTION('',(-1.22E-15,1.,-1.E-15));
#2974 = PLANE('',#2975);
#2975 = AXIS2_PLACEMENT_3D('',#2976,#2977,#2978);
#2976 = CARTESIAN_POINT('',(0.299603273397,-5.179E-14,66.6425));
#2977 = DIRECTION('',(-1.33E-15,-7.8E-16,1.));
#2978 = DIRECTION('',(1.,-5.6E-16,1.33E-15));
#2979 = ADVANCED_FACE('',(#2980),#2998,.T.);
#2980 = FACE_BOUND('',#2981,.T.);
#2981 = EDGE_LOOP('',(#2982,#2983,#2992));
#2982 = ORIENTED_EDGE('',*,*,#2953,.F.);
#2983 = ORIENTED_EDGE('',*,*,#2984,.T.);
#2984 = EDGE_CURVE('',#2944,#2985,#2987,.T.);
#2985 = VERTEX_POINT('',#2986);
#2986 = CARTESIAN_POINT('',(-4.200396726603,6.26010606269,
    66.992339109723));
#2987 = CIRCLE('',#2988,7.);
#2988 = AXIS2_PLACEMENT_3D('',#2989,#2990,#2991);
#2989 = CARTESIAN_POINT('',(-4.200396726603,8.5,73.624297730644));
#2990 = DIRECTION('',(-1.,-7.8E-16,-1.44E-15));
#2991 = DIRECTION('',(-7.8E-16,1.,-1.33E-15));
#2992 = ORIENTED_EDGE('',*,*,#2993,.T.);
#2993 = EDGE_CURVE('',#2985,#2954,#2994,.T.);
#2994 = LINE('',#2995,#2996);
#2995 = CARTESIAN_POINT('',(-4.200396726603,6.252281638936,
    66.98451468597));
#2996 = VECTOR('',#2997,1.);
#2997 = DIRECTION('',(3.3E-16,-0.707106781187,-0.707106781187));
#2998 = PLANE('',#2999);
#2999 = AXIS2_PLACEMENT_3D('',#3000,#3001,#3002);
#3000 = CARTESIAN_POINT('',(-4.200396726603,10.,66.6425));
#3001 = DIRECTION('',(1.,-3.3E-16,0.));
#3002 = DIRECTION('',(-3.3E-16,-1.,1.E-15));
#3003 = ADVANCED_FACE('',(#3004),#3022,.T.);
#3004 = FACE_BOUND('',#3005,.T.);
#3005 = EDGE_LOOP('',(#3006,#3007,#3015));
#3006 = ORIENTED_EDGE('',*,*,#2969,.F.);
#3007 = ORIENTED_EDGE('',*,*,#3008,.T.);
#3008 = EDGE_CURVE('',#2962,#3009,#3011,.T.);
#3009 = VERTEX_POINT('',#3010);
#3010 = CARTESIAN_POINT('',(4.799603273397,6.26010606269,66.992339109723
    ));
#3011 = LINE('',#3012,#3013);
#3012 = CARTESIAN_POINT('',(4.799603273397,-0.111679391743,
    60.620553655291));
#3013 = VECTOR('',#3014,1.);
#3014 = DIRECTION('',(-3.3E-16,0.707106781187,0.707106781187));
#3015 = ORIENTED_EDGE('',*,*,#3016,.F.);
#3016 = EDGE_CURVE('',#2946,#3009,#3017,.T.);
#3017 = CIRCLE('',#3018,7.);
#3018 = AXIS2_PLACEMENT_3D('',#3019,#3020,#3021);
#3019 = CARTESIAN_POINT('',(4.799603273397,8.5,73.624297730644));
#3020 = DIRECTION('',(-1.,-7.8E-16,-1.44E-15));
#3021 = DIRECTION('',(-7.8E-16,1.,-1.33E-15));
#3022 = PLANE('',#3023);
#3023 = AXIS2_PLACEMENT_3D('',#3024,#3025,#3026);
#3024 = CARTESIAN_POINT('',(4.799603273397,-10.,66.6425));
#3025 = DIRECTION('',(-1.,3.3E-16,0.));
#3026 = DIRECTION('',(3.3E-16,1.,-1.E-15));
#3027 = ADVANCED_FACE('',(#3028),#3055,.F.);
#3028 = FACE_BOUND('',#3029,.F.);
#3029 = EDGE_LOOP('',(#3030,#3040,#3046,#3047,#3048,#3049));
#3030 = ORIENTED_EDGE('',*,*,#3031,.F.);
#3031 = EDGE_CURVE('',#3032,#3034,#3036,.T.);
#3032 = VERTEX_POINT('',#3033);
#3033 = CARTESIAN_POINT('',(-4.200396726603,6.894291116569,
    67.626524163602));
#3034 = VERTEX_POINT('',#3035);
#3035 = CARTESIAN_POINT('',(4.799603273397,6.894291116569,
    67.626524163602));
#3036 = LINE('',#3037,#3038);
#3037 = CARTESIAN_POINT('',(-8.700396726603,6.894291116569,
    67.626524163602));
#3038 = VECTOR('',#3039,1.);
#3039 = DIRECTION('',(1.,-2.333452377916E-16,2.333452377916E-16));
#3040 = ORIENTED_EDGE('',*,*,#3041,.T.);
#3041 = EDGE_CURVE('',#3032,#2985,#3042,.T.);
#3042 = LINE('',#3043,#3044);
#3043 = CARTESIAN_POINT('',(-4.200396726603,6.252281638936,
    66.98451468597));
#3044 = VECTOR('',#3045,1.);
#3045 = DIRECTION('',(3.3E-16,-0.707106781187,-0.707106781187));
#3046 = ORIENTED_EDGE('',*,*,#2993,.T.);
#3047 = ORIENTED_EDGE('',*,*,#2961,.T.);
#3048 = ORIENTED_EDGE('',*,*,#3008,.T.);
#3049 = ORIENTED_EDGE('',*,*,#3050,.T.);
#3050 = EDGE_CURVE('',#3009,#3034,#3051,.T.);
#3051 = LINE('',#3052,#3053);
#3052 = CARTESIAN_POINT('',(4.799603273397,-0.111679391743,
    60.620553655291));
#3053 = VECTOR('',#3054,1.);
#3054 = DIRECTION('',(-3.3E-16,0.707106781187,0.707106781187));
#3055 = PLANE('',#3056);
#3056 = AXIS2_PLACEMENT_3D('',#3057,#3058,#3059);
#3057 = CARTESIAN_POINT('',(-8.700396726603,5.610272161304,
    66.342505208337));
#3058 = DIRECTION('',(1.1E-16,-0.707106781187,0.707106781187));
#3059 = DIRECTION('',(-6.7E-16,0.707106781187,0.707106781187));
#3060 = ADVANCED_FACE('',(#3061),#3096,.T.);
#3061 = FACE_BOUND('',#3062,.T.);
#3062 = EDGE_LOOP('',(#3063,#3073,#3079,#3080,#3089));
#3063 = ORIENTED_EDGE('',*,*,#3064,.F.);
#3064 = EDGE_CURVE('',#3065,#3067,#3069,.T.);
#3065 = VERTEX_POINT('',#3066);
#3066 = CARTESIAN_POINT('',(-4.200396726603,5.126524163602,
    69.394291116569));
#3067 = VERTEX_POINT('',#3068);
#3068 = CARTESIAN_POINT('',(-4.200396726603,3.986306458211,
    68.254073411178));
#3069 = LINE('',#3070,#3071);
#3070 = CARTESIAN_POINT('',(-4.200396726603,4.48451468597,
    68.752281638936));
#3071 = VECTOR('',#3072,1.);
#3072 = DIRECTION('',(3.3E-16,-0.707106781187,-0.707106781187));
#3073 = ORIENTED_EDGE('',*,*,#3074,.T.);
#3074 = EDGE_CURVE('',#3065,#3032,#3075,.T.);
#3075 = LINE('',#3076,#3077);
#3076 = CARTESIAN_POINT('',(-4.200396726603,-20.41364984996,
    94.934465130133));
#3077 = VECTOR('',#3078,1.);
#3078 = DIRECTION('',(0.,0.707106781187,-0.707106781187));
#3079 = ORIENTED_EDGE('',*,*,#3041,.T.);
#3080 = ORIENTED_EDGE('',*,*,#3081,.T.);
#3081 = EDGE_CURVE('',#2985,#3082,#3084,.T.);
#3082 = VERTEX_POINT('',#3083);
#3083 = CARTESIAN_POINT('',(-4.200396726603,4.25,68.062148865322));
#3084 = CIRCLE('',#3085,7.);
#3085 = AXIS2_PLACEMENT_3D('',#3086,#3087,#3088);
#3086 = CARTESIAN_POINT('',(-4.200396726603,8.5,73.624297730644));
#3087 = DIRECTION('',(-1.,-7.8E-16,-1.44E-15));
#3088 = DIRECTION('',(-7.8E-16,1.,-1.33E-15));
#3089 = ORIENTED_EDGE('',*,*,#3090,.F.);
#3090 = EDGE_CURVE('',#3067,#3082,#3091,.T.);
#3091 = CIRCLE('',#3092,7.);
#3092 = AXIS2_PLACEMENT_3D('',#3093,#3094,#3095);
#3093 = CARTESIAN_POINT('',(-4.200396726603,-2.326E-14,62.5));
#3094 = DIRECTION('',(-1.,-7.8E-16,-1.44E-15));
#3095 = DIRECTION('',(-7.8E-16,1.,-1.33E-15));
#3096 = PLANE('',#3097);
#3097 = AXIS2_PLACEMENT_3D('',#3098,#3099,#3100);
#3098 = CARTESIAN_POINT('',(-4.200396726603,-20.41364984996,
    94.934465130133));
#3099 = DIRECTION('',(-1.,-2.333452377916E-16,-2.333452377916E-16));
#3100 = DIRECTION('',(3.3E-16,-0.707106781187,-0.707106781187));
#3101 = ADVANCED_FACE('',(#3102),#3137,.T.);
#3102 = FACE_BOUND('',#3103,.T.);
#3103 = EDGE_LOOP('',(#3104,#3112,#3120,#3129,#3136));
#3104 = ORIENTED_EDGE('',*,*,#3105,.F.);
#3105 = EDGE_CURVE('',#3106,#3034,#3108,.T.);
#3106 = VERTEX_POINT('',#3107);
#3107 = CARTESIAN_POINT('',(4.799603273397,5.126524163602,
    69.394291116569));
#3108 = LINE('',#3109,#3110);
#3109 = CARTESIAN_POINT('',(4.799603273397,-20.41364984996,
    94.934465130133));
#3110 = VECTOR('',#3111,1.);
#3111 = DIRECTION('',(0.,0.707106781187,-0.707106781187));
#3112 = ORIENTED_EDGE('',*,*,#3113,.F.);
#3113 = EDGE_CURVE('',#3114,#3106,#3116,.T.);
#3114 = VERTEX_POINT('',#3115);
#3115 = CARTESIAN_POINT('',(4.799603273397,3.986306458211,
    68.254073411178));
#3116 = LINE('',#3117,#3118);
#3117 = CARTESIAN_POINT('',(4.799603273397,-1.879446344709,
    62.388320608257));
#3118 = VECTOR('',#3119,1.);
#3119 = DIRECTION('',(-3.3E-16,0.707106781187,0.707106781187));
#3120 = ORIENTED_EDGE('',*,*,#3121,.T.);
#3121 = EDGE_CURVE('',#3114,#3122,#3124,.T.);
#3122 = VERTEX_POINT('',#3123);
#3123 = CARTESIAN_POINT('',(4.799603273397,4.25,68.062148865322));
#3124 = CIRCLE('',#3125,7.);
#3125 = AXIS2_PLACEMENT_3D('',#3126,#3127,#3128);
#3126 = CARTESIAN_POINT('',(4.799603273397,-2.826E-14,62.5));
#3127 = DIRECTION('',(-1.,-7.8E-16,-1.44E-15));
#3128 = DIRECTION('',(-7.8E-16,1.,-1.33E-15));
#3129 = ORIENTED_EDGE('',*,*,#3130,.F.);
#3130 = EDGE_CURVE('',#3009,#3122,#3131,.T.);
#3131 = CIRCLE('',#3132,7.);
#3132 = AXIS2_PLACEMENT_3D('',#3133,#3134,#3135);
#3133 = CARTESIAN_POINT('',(4.799603273397,8.5,73.624297730644));
#3134 = DIRECTION('',(-1.,-7.8E-16,-1.44E-15));
#3135 = DIRECTION('',(-7.8E-16,1.,-1.33E-15));
#3136 = ORIENTED_EDGE('',*,*,#3050,.T.);
#3137 = PLANE('',#3138);
#3138 = AXIS2_PLACEMENT_3D('',#3139,#3140,#3141);
#3139 = CARTESIAN_POINT('',(4.799603273397,-33.14157191131,
    82.206543068775));
#3140 = DIRECTION('',(1.,2.333452377916E-16,2.333452377916E-16));
#3141 = DIRECTION('',(-3.3E-16,0.707106781187,0.707106781187));
#3142 = ADVANCED_FACE('',(#3143),#3175,.T.);
#3143 = FACE_BOUND('',#3144,.T.);
#3144 = EDGE_LOOP('',(#3145,#3146,#3154,#3162,#3168,#3169));
#3145 = ORIENTED_EDGE('',*,*,#3064,.T.);
#3146 = ORIENTED_EDGE('',*,*,#3147,.T.);
#3147 = EDGE_CURVE('',#3067,#3148,#3150,.T.);
#3148 = VERTEX_POINT('',#3149);
#3149 = CARTESIAN_POINT('',(-4.200396726603,3.842505208337,
    68.110272161304));
#3150 = LINE('',#3151,#3152);
#3151 = CARTESIAN_POINT('',(-4.200396726603,4.48451468597,
    68.752281638936));
#3152 = VECTOR('',#3153,1.);
#3153 = DIRECTION('',(3.3E-16,-0.707106781187,-0.707106781187));
#3154 = ORIENTED_EDGE('',*,*,#3155,.T.);
#3155 = EDGE_CURVE('',#3148,#3156,#3158,.T.);
#3156 = VERTEX_POINT('',#3157);
#3157 = CARTESIAN_POINT('',(4.799603273397,3.842505208337,
    68.110272161304));
#3158 = LINE('',#3159,#3160);
#3159 = CARTESIAN_POINT('',(-8.700396726603,3.842505208337,
    68.110272161304));
#3160 = VECTOR('',#3161,1.);
#3161 = DIRECTION('',(1.,-2.333452377916E-16,2.333452377916E-16));
#3162 = ORIENTED_EDGE('',*,*,#3163,.T.);
#3163 = EDGE_CURVE('',#3156,#3114,#3164,.T.);
#3164 = LINE('',#3165,#3166);
#3165 = CARTESIAN_POINT('',(4.799603273397,-1.879446344709,
    62.388320608257));
#3166 = VECTOR('',#3167,1.);
#3167 = DIRECTION('',(-3.3E-16,0.707106781187,0.707106781187));
#3168 = ORIENTED_EDGE('',*,*,#3113,.T.);
#3169 = ORIENTED_EDGE('',*,*,#3170,.F.);
#3170 = EDGE_CURVE('',#3065,#3106,#3171,.T.);
#3171 = LINE('',#3172,#3173);
#3172 = CARTESIAN_POINT('',(-8.700396726603,5.126524163602,
    69.394291116569));
#3173 = VECTOR('',#3174,1.);
#3174 = DIRECTION('',(1.,-2.333452377916E-16,2.333452377916E-16));
#3175 = PLANE('',#3176);
#3176 = AXIS2_PLACEMENT_3D('',#3177,#3178,#3179);
#3177 = CARTESIAN_POINT('',(-8.700396726603,3.842505208337,
    68.110272161304));
#3178 = DIRECTION('',(1.1E-16,-0.707106781187,0.707106781187));
#3179 = DIRECTION('',(-6.7E-16,0.707106781187,0.707106781187));
#3180 = ADVANCED_FACE('',(#3181),#3206,.T.);
#3181 = FACE_BOUND('',#3182,.T.);
#3182 = EDGE_LOOP('',(#3183,#3193,#3199,#3200));
#3183 = ORIENTED_EDGE('',*,*,#3184,.T.);
#3184 = EDGE_CURVE('',#3185,#3187,#3189,.T.);
#3185 = VERTEX_POINT('',#3186);
#3186 = CARTESIAN_POINT('',(4.799603273397,-5.392559109551,66.6425));
#3187 = VERTEX_POINT('',#3188);
#3188 = CARTESIAN_POINT('',(-4.200396726603,-5.392559109551,66.6425));
#3189 = LINE('',#3190,#3191);
#3190 = CARTESIAN_POINT('',(-8.700396726603,-5.392559109551,66.6425));
#3191 = VECTOR('',#3192,1.);
#3192 = DIRECTION('',(-1.,-8.E-17,-2.3E-16));
#3193 = ORIENTED_EDGE('',*,*,#3194,.T.);
#3194 = EDGE_CURVE('',#3187,#2919,#3195,.T.);
#3195 = LINE('',#3196,#3197);
#3196 = CARTESIAN_POINT('',(-4.200396726603,10.,66.6425));
#3197 = VECTOR('',#3198,1.);
#3198 = DIRECTION('',(1.22E-15,-1.,1.E-15));
#3199 = ORIENTED_EDGE('',*,*,#2918,.T.);
#3200 = ORIENTED_EDGE('',*,*,#3201,.T.);
#3201 = EDGE_CURVE('',#2911,#3185,#3202,.T.);
#3202 = LINE('',#3203,#3204);
#3203 = CARTESIAN_POINT('',(4.799603273397,-10.,66.6425));
#3204 = VECTOR('',#3205,1.);
#3205 = DIRECTION('',(-1.22E-15,1.,-1.E-15));
#3206 = PLANE('',#3207);
#3207 = AXIS2_PLACEMENT_3D('',#3208,#3209,#3210);
#3208 = CARTESIAN_POINT('',(0.299603273397,-5.179E-14,66.6425));
#3209 = DIRECTION('',(-1.33E-15,-7.8E-16,1.));
#3210 = DIRECTION('',(1.,-5.6E-16,1.33E-15));
#3211 = ADVANCED_FACE('',(#3212),#3239,.T.);
#3212 = FACE_BOUND('',#3213,.T.);
#3213 = EDGE_LOOP('',(#3214,#3215,#3222,#3223,#3232));
#3214 = ORIENTED_EDGE('',*,*,#3194,.F.);
#3215 = ORIENTED_EDGE('',*,*,#3216,.T.);
#3216 = EDGE_CURVE('',#3187,#3148,#3217,.T.);
#3217 = CIRCLE('',#3218,6.8);
#3218 = AXIS2_PLACEMENT_3D('',#3219,#3220,#3221);
#3219 = CARTESIAN_POINT('',(-4.200396726603,1.697056274848E-15,62.5));
#3220 = DIRECTION('',(-1.,-1.55563491861E-16,-4.666904755831E-16));
#3221 = DIRECTION('',(2.2E-16,0.707106781187,-0.707106781187));
#3222 = ORIENTED_EDGE('',*,*,#3147,.F.);
#3223 = ORIENTED_EDGE('',*,*,#3224,.F.);
#3224 = EDGE_CURVE('',#3225,#3067,#3227,.T.);
#3225 = VERTEX_POINT('',#3226);
#3226 = CARTESIAN_POINT('',(-4.200396726603,-4.25,68.062148865322));
#3227 = CIRCLE('',#3228,7.);
#3228 = AXIS2_PLACEMENT_3D('',#3229,#3230,#3231);
#3229 = CARTESIAN_POINT('',(-4.200396726603,-2.326E-14,62.5));
#3230 = DIRECTION('',(-1.,-7.8E-16,-1.44E-15));
#3231 = DIRECTION('',(-7.8E-16,1.,-1.33E-15));
#3232 = ORIENTED_EDGE('',*,*,#3233,.T.);
#3233 = EDGE_CURVE('',#3225,#2919,#3234,.T.);
#3234 = CIRCLE('',#3235,7.);
#3235 = AXIS2_PLACEMENT_3D('',#3236,#3237,#3238);
#3236 = CARTESIAN_POINT('',(-4.200396726603,-8.5,73.624297730644));
#3237 = DIRECTION('',(-1.,-7.8E-16,-1.44E-15));
#3238 = DIRECTION('',(-7.8E-16,1.,-1.33E-15));
#3239 = PLANE('',#3240);
#3240 = AXIS2_PLACEMENT_3D('',#3241,#3242,#3243);
#3241 = CARTESIAN_POINT('',(-4.200396726603,10.,66.6425));
#3242 = DIRECTION('',(1.,-3.3E-16,0.));
#3243 = DIRECTION('',(-3.3E-16,-1.,1.E-15));
#3244 = ADVANCED_FACE('',(#3245),#3257,.T.);
#3245 = FACE_BOUND('',#3246,.F.);
#3246 = EDGE_LOOP('',(#3247,#3248,#3249,#3250));
#3247 = ORIENTED_EDGE('',*,*,#3184,.T.);
#3248 = ORIENTED_EDGE('',*,*,#3216,.T.);
#3249 = ORIENTED_EDGE('',*,*,#3155,.T.);
#3250 = ORIENTED_EDGE('',*,*,#3251,.F.);
#3251 = EDGE_CURVE('',#3185,#3156,#3252,.T.);
#3252 = CIRCLE('',#3253,6.8);
#3253 = AXIS2_PLACEMENT_3D('',#3254,#3255,#3256);
#3254 = CARTESIAN_POINT('',(4.799603273397,3.111269837221E-15,62.5));
#3255 = DIRECTION('',(-1.,-1.55563491861E-16,-4.666904755831E-16));
#3256 = DIRECTION('',(2.2E-16,0.707106781187,-0.707106781187));
#3257 = CYLINDRICAL_SURFACE('',#3258,6.8);
#3258 = AXIS2_PLACEMENT_3D('',#3259,#3260,#3261);
#3259 = CARTESIAN_POINT('',(-8.700396726603,1.697056274848E-15,62.5));
#3260 = DIRECTION('',(-1.,-7.778174593052E-17,-2.333452377916E-16));
#3261 = DIRECTION('',(1.1E-16,0.707106781187,-0.707106781187));
#3262 = ADVANCED_FACE('',(#3263),#3284,.T.);
#3263 = FACE_BOUND('',#3264,.T.);
#3264 = EDGE_LOOP('',(#3265,#3266,#3275,#3282,#3283));
#3265 = ORIENTED_EDGE('',*,*,#3201,.F.);
#3266 = ORIENTED_EDGE('',*,*,#3267,.F.);
#3267 = EDGE_CURVE('',#3268,#2911,#3270,.T.);
#3268 = VERTEX_POINT('',#3269);
#3269 = CARTESIAN_POINT('',(4.799603273397,-4.25,68.062148865322));
#3270 = CIRCLE('',#3271,7.);
#3271 = AXIS2_PLACEMENT_3D('',#3272,#3273,#3274);
#3272 = CARTESIAN_POINT('',(4.799603273397,-8.5,73.624297730644));
#3273 = DIRECTION('',(-1.,-7.8E-16,-1.44E-15));
#3274 = DIRECTION('',(-7.8E-16,1.,-1.33E-15));
#3275 = ORIENTED_EDGE('',*,*,#3276,.T.);
#3276 = EDGE_CURVE('',#3268,#3114,#3277,.T.);
#3277 = CIRCLE('',#3278,7.);
#3278 = AXIS2_PLACEMENT_3D('',#3279,#3280,#3281);
#3279 = CARTESIAN_POINT('',(4.799603273397,-2.826E-14,62.5));
#3280 = DIRECTION('',(-1.,-7.8E-16,-1.44E-15));
#3281 = DIRECTION('',(-7.8E-16,1.,-1.33E-15));
#3282 = ORIENTED_EDGE('',*,*,#3163,.F.);
#3283 = ORIENTED_EDGE('',*,*,#3251,.F.);
#3284 = PLANE('',#3285);
#3285 = AXIS2_PLACEMENT_3D('',#3286,#3287,#3288);
#3286 = CARTESIAN_POINT('',(4.799603273397,-10.,66.6425));
#3287 = DIRECTION('',(-1.,3.3E-16,0.));
#3288 = DIRECTION('',(3.3E-16,1.,-1.E-15));
#3289 = ADVANCED_FACE('',(#3290),#3317,.T.);
#3290 = FACE_BOUND('',#3291,.T.);
#3291 = EDGE_LOOP('',(#3292,#3293,#3294,#3300,#3301,#3307,#3308,#3309,
    #3310,#3316));
#3292 = ORIENTED_EDGE('',*,*,#1051,.T.);
#3293 = ORIENTED_EDGE('',*,*,#1120,.T.);
#3294 = ORIENTED_EDGE('',*,*,#3295,.T.);
#3295 = EDGE_CURVE('',#1121,#2944,#3296,.T.);
#3296 = LINE('',#3297,#3298);
#3297 = CARTESIAN_POINT('',(-26.7003967266,7.996085926142,
    66.642459104166));
#3298 = VECTOR('',#3299,1.);
#3299 = DIRECTION('',(1.,-6.7E-16,-3.3E-16));
#3300 = ORIENTED_EDGE('',*,*,#2943,.T.);
#3301 = ORIENTED_EDGE('',*,*,#3302,.T.);
#3302 = EDGE_CURVE('',#2946,#22,#3303,.T.);
#3303 = LINE('',#3304,#3305);
#3304 = CARTESIAN_POINT('',(-8.700396726603,7.996085926142,
    66.642459104166));
#3305 = VECTOR('',#3306,1.);
#3306 = DIRECTION('',(1.,-6.7E-16,-3.3E-16));
#3307 = ORIENTED_EDGE('',*,*,#21,.T.);
#3308 = ORIENTED_EDGE('',*,*,#382,.T.);
#3309 = ORIENTED_EDGE('',*,*,#229,.T.);
#3310 = ORIENTED_EDGE('',*,*,#3311,.F.);
#3311 = EDGE_CURVE('',#889,#230,#3312,.T.);
#3312 = LINE('',#3313,#3314);
#3313 = CARTESIAN_POINT('',(9.299603273397,21.107981587255,
    65.696108277102));
#3314 = VECTOR('',#3315,1.);
#3315 = DIRECTION('',(1.,-6.7E-16,-3.3E-16));
#3316 = ORIENTED_EDGE('',*,*,#888,.F.);
#3317 = PLANE('',#3318);
#3318 = AXIS2_PLACEMENT_3D('',#3319,#3320,#3321);
#3319 = CARTESIAN_POINT('',(0.299603273397,14.552033756699,
    66.169283690634));
#3320 = DIRECTION('',(4.1E-16,7.198772483688E-02,0.997405518068));
#3321 = DIRECTION('',(0.,0.997405518068,-7.198772483688E-02));
#3322 = ADVANCED_FACE('',(#3323),#3334,.T.);
#3323 = FACE_BOUND('',#3324,.T.);
#3324 = EDGE_LOOP('',(#3325,#3331,#3332,#3333));
#3325 = ORIENTED_EDGE('',*,*,#3326,.T.);
#3326 = EDGE_CURVE('',#897,#238,#3327,.T.);
#3327 = LINE('',#3328,#3329);
#3328 = CARTESIAN_POINT('',(-26.7003967266,22.5,64.2));
#3329 = VECTOR('',#3330,1.);
#3330 = DIRECTION('',(1.,-6.7E-16,-3.3E-16));
#3331 = ORIENTED_EDGE('',*,*,#246,.T.);
#3332 = ORIENTED_EDGE('',*,*,#1514,.F.);
#3333 = ORIENTED_EDGE('',*,*,#905,.F.);
#3334 = PLANE('',#3335);
#3335 = AXIS2_PLACEMENT_3D('',#3336,#3337,#3338);
#3336 = CARTESIAN_POINT('',(0.299603273397,22.5,57.2));
#3337 = DIRECTION('',(0.,1.,1.07E-15));
#3338 = DIRECTION('',(0.,-1.07E-15,1.));
#3339 = ADVANCED_FACE('',(#3340,#3346,#3416,#3486,#3556),#3590,.T.);
#3340 = FACE_BOUND('',#3341,.T.);
#3341 = EDGE_LOOP('',(#3342,#3343,#3344,#3345));
#3342 = ORIENTED_EDGE('',*,*,#1521,.T.);
#3343 = ORIENTED_EDGE('',*,*,#262,.T.);
#3344 = ORIENTED_EDGE('',*,*,#2879,.F.);
#3345 = ORIENTED_EDGE('',*,*,#921,.F.);
#3346 = FACE_BOUND('',#3347,.T.);
#3347 = EDGE_LOOP('',(#3348,#3359,#3367,#3376,#3384,#3393,#3401,#3410));
#3348 = ORIENTED_EDGE('',*,*,#3349,.T.);
#3349 = EDGE_CURVE('',#3350,#3352,#3354,.T.);
#3350 = VERTEX_POINT('',#3351);
#3351 = CARTESIAN_POINT('',(-13.2003967266,41.5,29.5));
#3352 = VERTEX_POINT('',#3353);
#3353 = CARTESIAN_POINT('',(-15.2003967266,41.5,31.5));
#3354 = CIRCLE('',#3355,2.);
#3355 = AXIS2_PLACEMENT_3D('',#3356,#3357,#3358);
#3356 = CARTESIAN_POINT('',(-15.2003967266,41.5,29.5));
#3357 = DIRECTION('',(0.,-1.,1.1E-16));
#3358 = DIRECTION('',(3.3E-16,-1.1E-16,-1.));
#3359 = ORIENTED_EDGE('',*,*,#3360,.T.);
#3360 = EDGE_CURVE('',#3352,#3361,#3363,.T.);
#3361 = VERTEX_POINT('',#3362);
#3362 = CARTESIAN_POINT('',(-20.2003967266,41.5,31.5));
#3363 = LINE('',#3364,#3365);
#3364 = CARTESIAN_POINT('',(-15.2003967266,41.5,31.5));
#3365 = VECTOR('',#3366,1.);
#3366 = DIRECTION('',(-1.,0.,1.1E-16));
#3367 = ORIENTED_EDGE('',*,*,#3368,.T.);
#3368 = EDGE_CURVE('',#3361,#3369,#3371,.T.);
#3369 = VERTEX_POINT('',#3370);
#3370 = CARTESIAN_POINT('',(-22.2003967266,41.5,29.5));
#3371 = CIRCLE('',#3372,2.);
#3372 = AXIS2_PLACEMENT_3D('',#3373,#3374,#3375);
#3373 = CARTESIAN_POINT('',(-20.2003967266,41.5,29.5));
#3374 = DIRECTION('',(0.,-1.,1.1E-16));
#3375 = DIRECTION('',(3.3E-16,-1.1E-16,-1.));
#3376 = ORIENTED_EDGE('',*,*,#3377,.T.);
#3377 = EDGE_CURVE('',#3369,#3378,#3380,.T.);
#3378 = VERTEX_POINT('',#3379);
#3379 = CARTESIAN_POINT('',(-22.2003967266,41.5,18.5));
#3380 = LINE('',#3381,#3382);
#3381 = CARTESIAN_POINT('',(-22.2003967266,41.5,29.5));
#3382 = VECTOR('',#3383,1.);
#3383 = DIRECTION('',(3.3E-16,-1.1E-16,-1.));
#3384 = ORIENTED_EDGE('',*,*,#3385,.T.);
#3385 = EDGE_CURVE('',#3378,#3386,#3388,.T.);
#3386 = VERTEX_POINT('',#3387);
#3387 = CARTESIAN_POINT('',(-20.2003967266,41.5,16.5));
#3388 = CIRCLE('',#3389,2.);
#3389 = AXIS2_PLACEMENT_3D('',#3390,#3391,#3392);
#3390 = CARTESIAN_POINT('',(-20.2003967266,41.5,18.5));
#3391 = DIRECTION('',(0.,-1.,1.1E-16));
#3392 = DIRECTION('',(3.3E-16,-1.1E-16,-1.));
#3393 = ORIENTED_EDGE('',*,*,#3394,.T.);
#3394 = EDGE_CURVE('',#3386,#3395,#3397,.T.);
#3395 = VERTEX_POINT('',#3396);
#3396 = CARTESIAN_POINT('',(-15.2003967266,41.5,16.5));
#3397 = LINE('',#3398,#3399);
#3398 = CARTESIAN_POINT('',(-20.2003967266,41.5,16.5));
#3399 = VECTOR('',#3400,1.);
#3400 = DIRECTION('',(1.,-0.,-1.1E-16));
#3401 = ORIENTED_EDGE('',*,*,#3402,.T.);
#3402 = EDGE_CURVE('',#3395,#3403,#3405,.T.);
#3403 = VERTEX_POINT('',#3404);
#3404 = CARTESIAN_POINT('',(-13.2003967266,41.5,18.5));
#3405 = CIRCLE('',#3406,2.);
#3406 = AXIS2_PLACEMENT_3D('',#3407,#3408,#3409);
#3407 = CARTESIAN_POINT('',(-15.2003967266,41.5,18.5));
#3408 = DIRECTION('',(0.,-1.,1.1E-16));
#3409 = DIRECTION('',(3.3E-16,-1.1E-16,-1.));
#3410 = ORIENTED_EDGE('',*,*,#3411,.T.);
#3411 = EDGE_CURVE('',#3403,#3350,#3412,.T.);
#3412 = LINE('',#3413,#3414);
#3413 = CARTESIAN_POINT('',(-13.2003967266,41.5,18.5));
#3414 = VECTOR('',#3415,1.);
#3415 = DIRECTION('',(-3.3E-16,1.1E-16,1.));
#3416 = FACE_BOUND('',#3417,.T.);
#3417 = EDGE_LOOP('',(#3418,#3429,#3437,#3446,#3454,#3463,#3471,#3480));
#3418 = ORIENTED_EDGE('',*,*,#3419,.T.);
#3419 = EDGE_CURVE('',#3420,#3422,#3424,.T.);
#3420 = VERTEX_POINT('',#3421);
#3421 = CARTESIAN_POINT('',(4.799603273397,41.5,29.5));
#3422 = VERTEX_POINT('',#3423);
#3423 = CARTESIAN_POINT('',(2.799603273397,41.5,31.5));
#3424 = CIRCLE('',#3425,2.);
#3425 = AXIS2_PLACEMENT_3D('',#3426,#3427,#3428);
#3426 = CARTESIAN_POINT('',(2.799603273397,41.5,29.5));
#3427 = DIRECTION('',(0.,-1.,1.1E-16));
#3428 = DIRECTION('',(3.3E-16,-1.1E-16,-1.));
#3429 = ORIENTED_EDGE('',*,*,#3430,.T.);
#3430 = EDGE_CURVE('',#3422,#3431,#3433,.T.);
#3431 = VERTEX_POINT('',#3432);
#3432 = CARTESIAN_POINT('',(-2.200396726603,41.5,31.5));
#3433 = LINE('',#3434,#3435);
#3434 = CARTESIAN_POINT('',(2.799603273397,41.5,31.5));
#3435 = VECTOR('',#3436,1.);
#3436 = DIRECTION('',(-1.,0.,1.1E-16));
#3437 = ORIENTED_EDGE('',*,*,#3438,.T.);
#3438 = EDGE_CURVE('',#3431,#3439,#3441,.T.);
#3439 = VERTEX_POINT('',#3440);
#3440 = CARTESIAN_POINT('',(-4.200396726603,41.5,29.5));
#3441 = CIRCLE('',#3442,2.);
#3442 = AXIS2_PLACEMENT_3D('',#3443,#3444,#3445);
#3443 = CARTESIAN_POINT('',(-2.200396726603,41.5,29.5));
#3444 = DIRECTION('',(0.,-1.,1.1E-16));
#3445 = DIRECTION('',(3.3E-16,-1.1E-16,-1.));
#3446 = ORIENTED_EDGE('',*,*,#3447,.T.);
#3447 = EDGE_CURVE('',#3439,#3448,#3450,.T.);
#3448 = VERTEX_POINT('',#3449);
#3449 = CARTESIAN_POINT('',(-4.200396726603,41.5,18.5));
#3450 = LINE('',#3451,#3452);
#3451 = CARTESIAN_POINT('',(-4.200396726603,41.5,29.5));
#3452 = VECTOR('',#3453,1.);
#3453 = DIRECTION('',(3.3E-16,-1.1E-16,-1.));
#3454 = ORIENTED_EDGE('',*,*,#3455,.T.);
#3455 = EDGE_CURVE('',#3448,#3456,#3458,.T.);
#3456 = VERTEX_POINT('',#3457);
#3457 = CARTESIAN_POINT('',(-2.200396726603,41.5,16.5));
#3458 = CIRCLE('',#3459,2.);
#3459 = AXIS2_PLACEMENT_3D('',#3460,#3461,#3462);
#3460 = CARTESIAN_POINT('',(-2.200396726603,41.5,18.5));
#3461 = DIRECTION('',(0.,-1.,1.1E-16));
#3462 = DIRECTION('',(3.3E-16,-1.1E-16,-1.));
#3463 = ORIENTED_EDGE('',*,*,#3464,.T.);
#3464 = EDGE_CURVE('',#3456,#3465,#3467,.T.);
#3465 = VERTEX_POINT('',#3466);
#3466 = CARTESIAN_POINT('',(2.799603273397,41.5,16.5));
#3467 = LINE('',#3468,#3469);
#3468 = CARTESIAN_POINT('',(-2.200396726603,41.5,16.5));
#3469 = VECTOR('',#3470,1.);
#3470 = DIRECTION('',(1.,-0.,-1.1E-16));
#3471 = ORIENTED_EDGE('',*,*,#3472,.T.);
#3472 = EDGE_CURVE('',#3465,#3473,#3475,.T.);
#3473 = VERTEX_POINT('',#3474);
#3474 = CARTESIAN_POINT('',(4.799603273397,41.5,18.5));
#3475 = CIRCLE('',#3476,2.);
#3476 = AXIS2_PLACEMENT_3D('',#3477,#3478,#3479);
#3477 = CARTESIAN_POINT('',(2.799603273397,41.5,18.5));
#3478 = DIRECTION('',(0.,-1.,1.1E-16));
#3479 = DIRECTION('',(3.3E-16,-1.1E-16,-1.));
#3480 = ORIENTED_EDGE('',*,*,#3481,.T.);
#3481 = EDGE_CURVE('',#3473,#3420,#3482,.T.);
#3482 = LINE('',#3483,#3484);
#3483 = CARTESIAN_POINT('',(4.799603273397,41.5,18.5));
#3484 = VECTOR('',#3485,1.);
#3485 = DIRECTION('',(-3.3E-16,1.1E-16,1.));
#3486 = FACE_BOUND('',#3487,.T.);
#3487 = EDGE_LOOP('',(#3488,#3499,#3507,#3516,#3524,#3533,#3541,#3550));
#3488 = ORIENTED_EDGE('',*,*,#3489,.T.);
#3489 = EDGE_CURVE('',#3490,#3492,#3494,.T.);
#3490 = VERTEX_POINT('',#3491);
#3491 = CARTESIAN_POINT('',(22.799603273397,41.5,29.5));
#3492 = VERTEX_POINT('',#3493);
#3493 = CARTESIAN_POINT('',(20.799603273397,41.5,31.5));
#3494 = CIRCLE('',#3495,2.);
#3495 = AXIS2_PLACEMENT_3D('',#3496,#3497,#3498);
#3496 = CARTESIAN_POINT('',(20.799603273397,41.5,29.5));
#3497 = DIRECTION('',(0.,-1.,1.1E-16));
#3498 = DIRECTION('',(3.3E-16,-1.1E-16,-1.));
#3499 = ORIENTED_EDGE('',*,*,#3500,.T.);
#3500 = EDGE_CURVE('',#3492,#3501,#3503,.T.);
#3501 = VERTEX_POINT('',#3502);
#3502 = CARTESIAN_POINT('',(15.799603273397,41.5,31.5));
#3503 = LINE('',#3504,#3505);
#3504 = CARTESIAN_POINT('',(20.799603273397,41.5,31.5));
#3505 = VECTOR('',#3506,1.);
#3506 = DIRECTION('',(-1.,0.,1.1E-16));
#3507 = ORIENTED_EDGE('',*,*,#3508,.T.);
#3508 = EDGE_CURVE('',#3501,#3509,#3511,.T.);
#3509 = VERTEX_POINT('',#3510);
#3510 = CARTESIAN_POINT('',(13.799603273397,41.5,29.5));
#3511 = CIRCLE('',#3512,2.);
#3512 = AXIS2_PLACEMENT_3D('',#3513,#3514,#3515);
#3513 = CARTESIAN_POINT('',(15.799603273397,41.5,29.5));
#3514 = DIRECTION('',(0.,-1.,1.1E-16));
#3515 = DIRECTION('',(3.3E-16,-1.1E-16,-1.));
#3516 = ORIENTED_EDGE('',*,*,#3517,.T.);
#3517 = EDGE_CURVE('',#3509,#3518,#3520,.T.);
#3518 = VERTEX_POINT('',#3519);
#3519 = CARTESIAN_POINT('',(13.799603273397,41.5,18.5));
#3520 = LINE('',#3521,#3522);
#3521 = CARTESIAN_POINT('',(13.799603273397,41.5,29.5));
#3522 = VECTOR('',#3523,1.);
#3523 = DIRECTION('',(3.3E-16,-1.1E-16,-1.));
#3524 = ORIENTED_EDGE('',*,*,#3525,.T.);
#3525 = EDGE_CURVE('',#3518,#3526,#3528,.T.);
#3526 = VERTEX_POINT('',#3527);
#3527 = CARTESIAN_POINT('',(15.799603273397,41.5,16.5));
#3528 = CIRCLE('',#3529,2.);
#3529 = AXIS2_PLACEMENT_3D('',#3530,#3531,#3532);
#3530 = CARTESIAN_POINT('',(15.799603273397,41.5,18.5));
#3531 = DIRECTION('',(0.,-1.,1.1E-16));
#3532 = DIRECTION('',(3.3E-16,-1.1E-16,-1.));
#3533 = ORIENTED_EDGE('',*,*,#3534,.T.);
#3534 = EDGE_CURVE('',#3526,#3535,#3537,.T.);
#3535 = VERTEX_POINT('',#3536);
#3536 = CARTESIAN_POINT('',(20.799603273397,41.5,16.5));
#3537 = LINE('',#3538,#3539);
#3538 = CARTESIAN_POINT('',(15.799603273397,41.5,16.5));
#3539 = VECTOR('',#3540,1.);
#3540 = DIRECTION('',(1.,-0.,-1.1E-16));
#3541 = ORIENTED_EDGE('',*,*,#3542,.T.);
#3542 = EDGE_CURVE('',#3535,#3543,#3545,.T.);
#3543 = VERTEX_POINT('',#3544);
#3544 = CARTESIAN_POINT('',(22.799603273397,41.5,18.5));
#3545 = CIRCLE('',#3546,2.);
#3546 = AXIS2_PLACEMENT_3D('',#3547,#3548,#3549);
#3547 = CARTESIAN_POINT('',(20.799603273397,41.5,18.5));
#3548 = DIRECTION('',(0.,-1.,1.1E-16));
#3549 = DIRECTION('',(3.3E-16,-1.1E-16,-1.));
#3550 = ORIENTED_EDGE('',*,*,#3551,.T.);
#3551 = EDGE_CURVE('',#3543,#3490,#3552,.T.);
#3552 = LINE('',#3553,#3554);
#3553 = CARTESIAN_POINT('',(22.799603273397,41.5,18.5));
#3554 = VECTOR('',#3555,1.);
#3555 = DIRECTION('',(-3.3E-16,1.1E-16,1.));
#3556 = FACE_BOUND('',#3557,.T.);
#3557 = EDGE_LOOP('',(#3558,#3568,#3576,#3584));
#3558 = ORIENTED_EDGE('',*,*,#3559,.F.);
#3559 = EDGE_CURVE('',#3560,#3562,#3564,.T.);
#3560 = VERTEX_POINT('',#3561);
#3561 = CARTESIAN_POINT('',(4.299603273397,41.5,4.2));
#3562 = VERTEX_POINT('',#3563);
#3563 = CARTESIAN_POINT('',(4.299603273397,41.5,1.3348));
#3564 = LINE('',#3565,#3566);
#3565 = CARTESIAN_POINT('',(4.299603273397,41.5,26.51076378946));
#3566 = VECTOR('',#3567,1.);
#3567 = DIRECTION('',(-0.,-1.E-15,-1.));
#3568 = ORIENTED_EDGE('',*,*,#3569,.T.);
#3569 = EDGE_CURVE('',#3560,#3570,#3572,.T.);
#3570 = VERTEX_POINT('',#3571);
#3571 = CARTESIAN_POINT('',(-3.700396726603,41.5,4.2));
#3572 = LINE('',#3573,#3574);
#3573 = CARTESIAN_POINT('',(-2.200396726603,41.5,4.2));
#3574 = VECTOR('',#3575,1.);
#3575 = DIRECTION('',(-1.,-1.11E-15,-0.));
#3576 = ORIENTED_EDGE('',*,*,#3577,.T.);
#3577 = EDGE_CURVE('',#3570,#3578,#3580,.T.);
#3578 = VERTEX_POINT('',#3579);
#3579 = CARTESIAN_POINT('',(-3.700396726603,41.5,1.3348));
#3580 = LINE('',#3581,#3582);
#3581 = CARTESIAN_POINT('',(-3.700396726603,41.5,26.51076378946));
#3582 = VECTOR('',#3583,1.);
#3583 = DIRECTION('',(-0.,-1.E-15,-1.));
#3584 = ORIENTED_EDGE('',*,*,#3585,.T.);
#3585 = EDGE_CURVE('',#3578,#3562,#3586,.T.);
#3586 = LINE('',#3587,#3588);
#3587 = CARTESIAN_POINT('',(-2.200396726603,41.5,1.3348));
#3588 = VECTOR('',#3589,1.);
#3589 = DIRECTION('',(1.,1.11E-15,0.));
#3590 = PLANE('',#3591);
#3591 = AXIS2_PLACEMENT_3D('',#3592,#3593,#3594);
#3592 = CARTESIAN_POINT('',(0.299603273397,41.5,25.1));
#3593 = DIRECTION('',(0.,1.,8.4E-16));
#3594 = DIRECTION('',(0.,-8.4E-16,1.));
#3595 = ADVANCED_FACE('',(#3596),#3622,.F.);
#3596 = FACE_BOUND('',#3597,.T.);
#3597 = EDGE_LOOP('',(#3598,#3606,#3615,#3621));
#3598 = ORIENTED_EDGE('',*,*,#3599,.T.);
#3599 = EDGE_CURVE('',#3350,#3600,#3602,.T.);
#3600 = VERTEX_POINT('',#3601);
#3601 = CARTESIAN_POINT('',(-13.2003967266,29.5,29.5));
#3602 = LINE('',#3603,#3604);
#3603 = CARTESIAN_POINT('',(-13.2003967266,41.5,29.5));
#3604 = VECTOR('',#3605,1.);
#3605 = DIRECTION('',(1.1E-16,-1.,5.E-16));
#3606 = ORIENTED_EDGE('',*,*,#3607,.T.);
#3607 = EDGE_CURVE('',#3600,#3608,#3610,.T.);
#3608 = VERTEX_POINT('',#3609);
#3609 = CARTESIAN_POINT('',(-15.2003967266,29.5,31.5));
#3610 = CIRCLE('',#3611,2.);
#3611 = AXIS2_PLACEMENT_3D('',#3612,#3613,#3614);
#3612 = CARTESIAN_POINT('',(-15.2003967266,29.5,29.5));
#3613 = DIRECTION('',(0.,-1.,1.1E-16));
#3614 = DIRECTION('',(3.3E-16,-1.1E-16,-1.));
#3615 = ORIENTED_EDGE('',*,*,#3616,.F.);
#3616 = EDGE_CURVE('',#3352,#3608,#3617,.T.);
#3617 = LINE('',#3618,#3619);
#3618 = CARTESIAN_POINT('',(-15.2003967266,41.5,31.5));
#3619 = VECTOR('',#3620,1.);
#3620 = DIRECTION('',(1.1E-16,-1.,5.E-16));
#3621 = ORIENTED_EDGE('',*,*,#3349,.F.);
#3622 = CYLINDRICAL_SURFACE('',#3623,2.);
#3623 = AXIS2_PLACEMENT_3D('',#3624,#3625,#3626);
#3624 = CARTESIAN_POINT('',(-15.2003967266,41.5,29.5));
#3625 = DIRECTION('',(2.2E-16,1.,-3.3E-16));
#3626 = DIRECTION('',(3.3E-16,-3.3E-16,-1.));
#3627 = ADVANCED_FACE('',(#3628),#3646,.T.);
#3628 = FACE_BOUND('',#3629,.T.);
#3629 = EDGE_LOOP('',(#3630,#3638,#3644,#3645));
#3630 = ORIENTED_EDGE('',*,*,#3631,.T.);
#3631 = EDGE_CURVE('',#3403,#3632,#3634,.T.);
#3632 = VERTEX_POINT('',#3633);
#3633 = CARTESIAN_POINT('',(-13.2003967266,29.5,18.5));
#3634 = LINE('',#3635,#3636);
#3635 = CARTESIAN_POINT('',(-13.2003967266,41.5,18.5));
#3636 = VECTOR('',#3637,1.);
#3637 = DIRECTION('',(1.1E-16,-1.,5.E-16));
#3638 = ORIENTED_EDGE('',*,*,#3639,.T.);
#3639 = EDGE_CURVE('',#3632,#3600,#3640,.T.);
#3640 = LINE('',#3641,#3642);
#3641 = CARTESIAN_POINT('',(-13.2003967266,29.5,18.5));
#3642 = VECTOR('',#3643,1.);
#3643 = DIRECTION('',(-3.3E-16,1.1E-16,1.));
#3644 = ORIENTED_EDGE('',*,*,#3599,.F.);
#3645 = ORIENTED_EDGE('',*,*,#3411,.F.);
#3646 = PLANE('',#3647);
#3647 = AXIS2_PLACEMENT_3D('',#3648,#3649,#3650);
#3648 = CARTESIAN_POINT('',(-13.2003967266,41.5,18.5));
#3649 = DIRECTION('',(-1.,-1.1E-16,-3.3E-16));
#3650 = DIRECTION('',(-3.3E-16,3.3E-16,1.));
#3651 = ADVANCED_FACE('',(#3652),#3671,.F.);
#3652 = FACE_BOUND('',#3653,.T.);
#3653 = EDGE_LOOP('',(#3654,#3662,#3669,#3670));
#3654 = ORIENTED_EDGE('',*,*,#3655,.T.);
#3655 = EDGE_CURVE('',#3395,#3656,#3658,.T.);
#3656 = VERTEX_POINT('',#3657);
#3657 = CARTESIAN_POINT('',(-15.2003967266,29.5,16.5));
#3658 = LINE('',#3659,#3660);
#3659 = CARTESIAN_POINT('',(-15.2003967266,41.5,16.5));
#3660 = VECTOR('',#3661,1.);
#3661 = DIRECTION('',(1.1E-16,-1.,5.E-16));
#3662 = ORIENTED_EDGE('',*,*,#3663,.T.);
#3663 = EDGE_CURVE('',#3656,#3632,#3664,.T.);
#3664 = CIRCLE('',#3665,2.);
#3665 = AXIS2_PLACEMENT_3D('',#3666,#3667,#3668);
#3666 = CARTESIAN_POINT('',(-15.2003967266,29.5,18.5));
#3667 = DIRECTION('',(0.,-1.,1.1E-16));
#3668 = DIRECTION('',(3.3E-16,-1.1E-16,-1.));
#3669 = ORIENTED_EDGE('',*,*,#3631,.F.);
#3670 = ORIENTED_EDGE('',*,*,#3402,.F.);
#3671 = CYLINDRICAL_SURFACE('',#3672,2.);
#3672 = AXIS2_PLACEMENT_3D('',#3673,#3674,#3675);
#3673 = CARTESIAN_POINT('',(-15.2003967266,41.5,18.5));
#3674 = DIRECTION('',(2.2E-16,1.,-3.3E-16));
#3675 = DIRECTION('',(3.3E-16,-3.3E-16,-1.));
#3676 = ADVANCED_FACE('',(#3677),#3695,.T.);
#3677 = FACE_BOUND('',#3678,.T.);
#3678 = EDGE_LOOP('',(#3679,#3687,#3693,#3694));
#3679 = ORIENTED_EDGE('',*,*,#3680,.T.);
#3680 = EDGE_CURVE('',#3386,#3681,#3683,.T.);
#3681 = VERTEX_POINT('',#3682);
#3682 = CARTESIAN_POINT('',(-20.2003967266,29.5,16.5));
#3683 = LINE('',#3684,#3685);
#3684 = CARTESIAN_POINT('',(-20.2003967266,41.5,16.5));
#3685 = VECTOR('',#3686,1.);
#3686 = DIRECTION('',(1.1E-16,-1.,5.E-16));
#3687 = ORIENTED_EDGE('',*,*,#3688,.T.);
#3688 = EDGE_CURVE('',#3681,#3656,#3689,.T.);
#3689 = LINE('',#3690,#3691);
#3690 = CARTESIAN_POINT('',(-20.2003967266,29.5,16.5));
#3691 = VECTOR('',#3692,1.);
#3692 = DIRECTION('',(1.,-0.,-1.1E-16));
#3693 = ORIENTED_EDGE('',*,*,#3655,.F.);
#3694 = ORIENTED_EDGE('',*,*,#3394,.F.);
#3695 = PLANE('',#3696);
#3696 = AXIS2_PLACEMENT_3D('',#3697,#3698,#3699);
#3697 = CARTESIAN_POINT('',(-20.2003967266,41.5,16.5));
#3698 = DIRECTION('',(-1.1E-16,5.E-16,1.));
#3699 = DIRECTION('',(1.,-2.2E-16,1.1E-16));
#3700 = ADVANCED_FACE('',(#3701),#3720,.F.);
#3701 = FACE_BOUND('',#3702,.T.);
#3702 = EDGE_LOOP('',(#3703,#3711,#3718,#3719));
#3703 = ORIENTED_EDGE('',*,*,#3704,.T.);
#3704 = EDGE_CURVE('',#3378,#3705,#3707,.T.);
#3705 = VERTEX_POINT('',#3706);
#3706 = CARTESIAN_POINT('',(-22.2003967266,29.5,18.5));
#3707 = LINE('',#3708,#3709);
#3708 = CARTESIAN_POINT('',(-22.2003967266,41.5,18.5));
#3709 = VECTOR('',#3710,1.);
#3710 = DIRECTION('',(1.1E-16,-1.,5.E-16));
#3711 = ORIENTED_EDGE('',*,*,#3712,.T.);
#3712 = EDGE_CURVE('',#3705,#3681,#3713,.T.);
#3713 = CIRCLE('',#3714,2.);
#3714 = AXIS2_PLACEMENT_3D('',#3715,#3716,#3717);
#3715 = CARTESIAN_POINT('',(-20.2003967266,29.5,18.5));
#3716 = DIRECTION('',(0.,-1.,1.1E-16));
#3717 = DIRECTION('',(3.3E-16,-1.1E-16,-1.));
#3718 = ORIENTED_EDGE('',*,*,#3680,.F.);
#3719 = ORIENTED_EDGE('',*,*,#3385,.F.);
#3720 = CYLINDRICAL_SURFACE('',#3721,2.);
#3721 = AXIS2_PLACEMENT_3D('',#3722,#3723,#3724);
#3722 = CARTESIAN_POINT('',(-20.2003967266,41.5,18.5));
#3723 = DIRECTION('',(2.2E-16,1.,-3.3E-16));
#3724 = DIRECTION('',(3.3E-16,-3.3E-16,-1.));
#3725 = ADVANCED_FACE('',(#3726),#3744,.T.);
#3726 = FACE_BOUND('',#3727,.T.);
#3727 = EDGE_LOOP('',(#3728,#3736,#3742,#3743));
#3728 = ORIENTED_EDGE('',*,*,#3729,.T.);
#3729 = EDGE_CURVE('',#3369,#3730,#3732,.T.);
#3730 = VERTEX_POINT('',#3731);
#3731 = CARTESIAN_POINT('',(-22.2003967266,29.5,29.5));
#3732 = LINE('',#3733,#3734);
#3733 = CARTESIAN_POINT('',(-22.2003967266,41.5,29.5));
#3734 = VECTOR('',#3735,1.);
#3735 = DIRECTION('',(1.1E-16,-1.,5.E-16));
#3736 = ORIENTED_EDGE('',*,*,#3737,.T.);
#3737 = EDGE_CURVE('',#3730,#3705,#3738,.T.);
#3738 = LINE('',#3739,#3740);
#3739 = CARTESIAN_POINT('',(-22.2003967266,29.5,29.5));
#3740 = VECTOR('',#3741,1.);
#3741 = DIRECTION('',(3.3E-16,-1.1E-16,-1.));
#3742 = ORIENTED_EDGE('',*,*,#3704,.F.);
#3743 = ORIENTED_EDGE('',*,*,#3377,.F.);
#3744 = PLANE('',#3745);
#3745 = AXIS2_PLACEMENT_3D('',#3746,#3747,#3748);
#3746 = CARTESIAN_POINT('',(-22.2003967266,41.5,29.5));
#3747 = DIRECTION('',(1.,1.1E-16,3.3E-16));
#3748 = DIRECTION('',(3.3E-16,-3.3E-16,-1.));
#3749 = ADVANCED_FACE('',(#3750),#3769,.F.);
#3750 = FACE_BOUND('',#3751,.T.);
#3751 = EDGE_LOOP('',(#3752,#3760,#3767,#3768));
#3752 = ORIENTED_EDGE('',*,*,#3753,.T.);
#3753 = EDGE_CURVE('',#3361,#3754,#3756,.T.);
#3754 = VERTEX_POINT('',#3755);
#3755 = CARTESIAN_POINT('',(-20.2003967266,29.5,31.5));
#3756 = LINE('',#3757,#3758);
#3757 = CARTESIAN_POINT('',(-20.2003967266,41.5,31.5));
#3758 = VECTOR('',#3759,1.);
#3759 = DIRECTION('',(1.1E-16,-1.,5.E-16));
#3760 = ORIENTED_EDGE('',*,*,#3761,.T.);
#3761 = EDGE_CURVE('',#3754,#3730,#3762,.T.);
#3762 = CIRCLE('',#3763,2.);
#3763 = AXIS2_PLACEMENT_3D('',#3764,#3765,#3766);
#3764 = CARTESIAN_POINT('',(-20.2003967266,29.5,29.5));
#3765 = DIRECTION('',(0.,-1.,1.1E-16));
#3766 = DIRECTION('',(3.3E-16,-1.1E-16,-1.));
#3767 = ORIENTED_EDGE('',*,*,#3729,.F.);
#3768 = ORIENTED_EDGE('',*,*,#3368,.F.);
#3769 = CYLINDRICAL_SURFACE('',#3770,2.);
#3770 = AXIS2_PLACEMENT_3D('',#3771,#3772,#3773);
#3771 = CARTESIAN_POINT('',(-20.2003967266,41.5,29.5));
#3772 = DIRECTION('',(2.2E-16,1.,-3.3E-16));
#3773 = DIRECTION('',(3.3E-16,-3.3E-16,-1.));
#3774 = ADVANCED_FACE('',(#3775),#3786,.T.);
#3775 = FACE_BOUND('',#3776,.T.);
#3776 = EDGE_LOOP('',(#3777,#3778,#3784,#3785));
#3777 = ORIENTED_EDGE('',*,*,#3616,.T.);
#3778 = ORIENTED_EDGE('',*,*,#3779,.T.);
#3779 = EDGE_CURVE('',#3608,#3754,#3780,.T.);
#3780 = LINE('',#3781,#3782);
#3781 = CARTESIAN_POINT('',(-15.2003967266,29.5,31.5));
#3782 = VECTOR('',#3783,1.);
#3783 = DIRECTION('',(-1.,0.,1.1E-16));
#3784 = ORIENTED_EDGE('',*,*,#3753,.F.);
#3785 = ORIENTED_EDGE('',*,*,#3360,.F.);
#3786 = PLANE('',#3787);
#3787 = AXIS2_PLACEMENT_3D('',#3788,#3789,#3790);
#3788 = CARTESIAN_POINT('',(-15.2003967266,41.5,31.5));
#3789 = DIRECTION('',(1.1E-16,-5.E-16,-1.));
#3790 = DIRECTION('',(-1.,2.2E-16,-1.1E-16));
#3791 = ADVANCED_FACE('',(#3792),#3802,.T.);
#3792 = FACE_BOUND('',#3793,.F.);
#3793 = EDGE_LOOP('',(#3794,#3795,#3796,#3797,#3798,#3799,#3800,#3801));
#3794 = ORIENTED_EDGE('',*,*,#3779,.T.);
#3795 = ORIENTED_EDGE('',*,*,#3761,.T.);
#3796 = ORIENTED_EDGE('',*,*,#3737,.T.);
#3797 = ORIENTED_EDGE('',*,*,#3712,.T.);
#3798 = ORIENTED_EDGE('',*,*,#3688,.T.);
#3799 = ORIENTED_EDGE('',*,*,#3663,.T.);
#3800 = ORIENTED_EDGE('',*,*,#3639,.T.);
#3801 = ORIENTED_EDGE('',*,*,#3607,.T.);
#3802 = PLANE('',#3803);
#3803 = AXIS2_PLACEMENT_3D('',#3804,#3805,#3806);
#3804 = CARTESIAN_POINT('',(-17.7003967266,29.5,24.));
#3805 = DIRECTION('',(-2.2E-16,1.,-3.3E-16));
#3806 = DIRECTION('',(-3.3E-16,3.3E-16,1.));
#3807 = ADVANCED_FACE('',(#3808),#3834,.F.);
#3808 = FACE_BOUND('',#3809,.T.);
#3809 = EDGE_LOOP('',(#3810,#3818,#3827,#3833));
#3810 = ORIENTED_EDGE('',*,*,#3811,.T.);
#3811 = EDGE_CURVE('',#3420,#3812,#3814,.T.);
#3812 = VERTEX_POINT('',#3813);
#3813 = CARTESIAN_POINT('',(4.799603273397,29.5,29.5));
#3814 = LINE('',#3815,#3816);
#3815 = CARTESIAN_POINT('',(4.799603273397,41.5,29.5));
#3816 = VECTOR('',#3817,1.);
#3817 = DIRECTION('',(1.1E-16,-1.,5.E-16));
#3818 = ORIENTED_EDGE('',*,*,#3819,.T.);
#3819 = EDGE_CURVE('',#3812,#3820,#3822,.T.);
#3820 = VERTEX_POINT('',#3821);
#3821 = CARTESIAN_POINT('',(2.799603273397,29.5,31.5));
#3822 = CIRCLE('',#3823,2.);
#3823 = AXIS2_PLACEMENT_3D('',#3824,#3825,#3826);
#3824 = CARTESIAN_POINT('',(2.799603273397,29.5,29.5));
#3825 = DIRECTION('',(0.,-1.,1.1E-16));
#3826 = DIRECTION('',(3.3E-16,-1.1E-16,-1.));
#3827 = ORIENTED_EDGE('',*,*,#3828,.F.);
#3828 = EDGE_CURVE('',#3422,#3820,#3829,.T.);
#3829 = LINE('',#3830,#3831);
#3830 = CARTESIAN_POINT('',(2.799603273397,41.5,31.5));
#3831 = VECTOR('',#3832,1.);
#3832 = DIRECTION('',(1.1E-16,-1.,5.E-16));
#3833 = ORIENTED_EDGE('',*,*,#3419,.F.);
#3834 = CYLINDRICAL_SURFACE('',#3835,2.);
#3835 = AXIS2_PLACEMENT_3D('',#3836,#3837,#3838);
#3836 = CARTESIAN_POINT('',(2.799603273397,41.5,29.5));
#3837 = DIRECTION('',(2.2E-16,1.,-3.3E-16));
#3838 = DIRECTION('',(3.3E-16,-3.3E-16,-1.));
#3839 = ADVANCED_FACE('',(#3840),#3858,.T.);
#3840 = FACE_BOUND('',#3841,.T.);
#3841 = EDGE_LOOP('',(#3842,#3850,#3856,#3857));
#3842 = ORIENTED_EDGE('',*,*,#3843,.T.);
#3843 = EDGE_CURVE('',#3473,#3844,#3846,.T.);
#3844 = VERTEX_POINT('',#3845);
#3845 = CARTESIAN_POINT('',(4.799603273397,29.5,18.5));
#3846 = LINE('',#3847,#3848);
#3847 = CARTESIAN_POINT('',(4.799603273397,41.5,18.5));
#3848 = VECTOR('',#3849,1.);
#3849 = DIRECTION('',(1.1E-16,-1.,5.E-16));
#3850 = ORIENTED_EDGE('',*,*,#3851,.T.);
#3851 = EDGE_CURVE('',#3844,#3812,#3852,.T.);
#3852 = LINE('',#3853,#3854);
#3853 = CARTESIAN_POINT('',(4.799603273397,29.5,18.5));
#3854 = VECTOR('',#3855,1.);
#3855 = DIRECTION('',(-3.3E-16,1.1E-16,1.));
#3856 = ORIENTED_EDGE('',*,*,#3811,.F.);
#3857 = ORIENTED_EDGE('',*,*,#3481,.F.);
#3858 = PLANE('',#3859);
#3859 = AXIS2_PLACEMENT_3D('',#3860,#3861,#3862);
#3860 = CARTESIAN_POINT('',(4.799603273397,41.5,18.5));
#3861 = DIRECTION('',(-1.,-1.1E-16,-3.3E-16));
#3862 = DIRECTION('',(-3.3E-16,3.3E-16,1.));
#3863 = ADVANCED_FACE('',(#3864),#3882,.T.);
#3864 = FACE_BOUND('',#3865,.T.);
#3865 = EDGE_LOOP('',(#3866,#3867,#3875,#3881));
#3866 = ORIENTED_EDGE('',*,*,#3828,.T.);
#3867 = ORIENTED_EDGE('',*,*,#3868,.T.);
#3868 = EDGE_CURVE('',#3820,#3869,#3871,.T.);
#3869 = VERTEX_POINT('',#3870);
#3870 = CARTESIAN_POINT('',(-2.200396726603,29.5,31.5));
#3871 = LINE('',#3872,#3873);
#3872 = CARTESIAN_POINT('',(2.799603273397,29.5,31.5));
#3873 = VECTOR('',#3874,1.);
#3874 = DIRECTION('',(-1.,0.,1.1E-16));
#3875 = ORIENTED_EDGE('',*,*,#3876,.F.);
#3876 = EDGE_CURVE('',#3431,#3869,#3877,.T.);
#3877 = LINE('',#3878,#3879);
#3878 = CARTESIAN_POINT('',(-2.200396726603,41.5,31.5));
#3879 = VECTOR('',#3880,1.);
#3880 = DIRECTION('',(1.1E-16,-1.,5.E-16));
#3881 = ORIENTED_EDGE('',*,*,#3430,.F.);
#3882 = PLANE('',#3883);
#3883 = AXIS2_PLACEMENT_3D('',#3884,#3885,#3886);
#3884 = CARTESIAN_POINT('',(2.799603273397,41.5,31.5));
#3885 = DIRECTION('',(1.1E-16,-5.E-16,-1.));
#3886 = DIRECTION('',(-1.,2.2E-16,-1.1E-16));
#3887 = ADVANCED_FACE('',(#3888),#3907,.F.);
#3888 = FACE_BOUND('',#3889,.T.);
#3889 = EDGE_LOOP('',(#3890,#3898,#3905,#3906));
#3890 = ORIENTED_EDGE('',*,*,#3891,.T.);
#3891 = EDGE_CURVE('',#3465,#3892,#3894,.T.);
#3892 = VERTEX_POINT('',#3893);
#3893 = CARTESIAN_POINT('',(2.799603273397,29.5,16.5));
#3894 = LINE('',#3895,#3896);
#3895 = CARTESIAN_POINT('',(2.799603273397,41.5,16.5));
#3896 = VECTOR('',#3897,1.);
#3897 = DIRECTION('',(1.1E-16,-1.,5.E-16));
#3898 = ORIENTED_EDGE('',*,*,#3899,.T.);
#3899 = EDGE_CURVE('',#3892,#3844,#3900,.T.);
#3900 = CIRCLE('',#3901,2.);
#3901 = AXIS2_PLACEMENT_3D('',#3902,#3903,#3904);
#3902 = CARTESIAN_POINT('',(2.799603273397,29.5,18.5));
#3903 = DIRECTION('',(0.,-1.,1.1E-16));
#3904 = DIRECTION('',(3.3E-16,-1.1E-16,-1.));
#3905 = ORIENTED_EDGE('',*,*,#3843,.F.);
#3906 = ORIENTED_EDGE('',*,*,#3472,.F.);
#3907 = CYLINDRICAL_SURFACE('',#3908,2.);
#3908 = AXIS2_PLACEMENT_3D('',#3909,#3910,#3911);
#3909 = CARTESIAN_POINT('',(2.799603273397,41.5,18.5));
#3910 = DIRECTION('',(2.2E-16,1.,-3.3E-16));
#3911 = DIRECTION('',(3.3E-16,-3.3E-16,-1.));
#3912 = ADVANCED_FACE('',(#3913),#3932,.F.);
#3913 = FACE_BOUND('',#3914,.T.);
#3914 = EDGE_LOOP('',(#3915,#3916,#3925,#3931));
#3915 = ORIENTED_EDGE('',*,*,#3876,.T.);
#3916 = ORIENTED_EDGE('',*,*,#3917,.T.);
#3917 = EDGE_CURVE('',#3869,#3918,#3920,.T.);
#3918 = VERTEX_POINT('',#3919);
#3919 = CARTESIAN_POINT('',(-4.200396726603,29.5,29.5));
#3920 = CIRCLE('',#3921,2.);
#3921 = AXIS2_PLACEMENT_3D('',#3922,#3923,#3924);
#3922 = CARTESIAN_POINT('',(-2.200396726603,29.5,29.5));
#3923 = DIRECTION('',(0.,-1.,1.1E-16));
#3924 = DIRECTION('',(3.3E-16,-1.1E-16,-1.));
#3925 = ORIENTED_EDGE('',*,*,#3926,.F.);
#3926 = EDGE_CURVE('',#3439,#3918,#3927,.T.);
#3927 = LINE('',#3928,#3929);
#3928 = CARTESIAN_POINT('',(-4.200396726603,41.5,29.5));
#3929 = VECTOR('',#3930,1.);
#3930 = DIRECTION('',(1.1E-16,-1.,5.E-16));
#3931 = ORIENTED_EDGE('',*,*,#3438,.F.);
#3932 = CYLINDRICAL_SURFACE('',#3933,2.);
#3933 = AXIS2_PLACEMENT_3D('',#3934,#3935,#3936);
#3934 = CARTESIAN_POINT('',(-2.200396726603,41.5,29.5));
#3935 = DIRECTION('',(2.2E-16,1.,-3.3E-16));
#3936 = DIRECTION('',(3.3E-16,-3.3E-16,-1.));
#3937 = ADVANCED_FACE('',(#3938),#3956,.T.);
#3938 = FACE_BOUND('',#3939,.T.);
#3939 = EDGE_LOOP('',(#3940,#3948,#3954,#3955));
#3940 = ORIENTED_EDGE('',*,*,#3941,.T.);
#3941 = EDGE_CURVE('',#3456,#3942,#3944,.T.);
#3942 = VERTEX_POINT('',#3943);
#3943 = CARTESIAN_POINT('',(-2.200396726603,29.5,16.5));
#3944 = LINE('',#3945,#3946);
#3945 = CARTESIAN_POINT('',(-2.200396726603,41.5,16.5));
#3946 = VECTOR('',#3947,1.);
#3947 = DIRECTION('',(1.1E-16,-1.,5.E-16));
#3948 = ORIENTED_EDGE('',*,*,#3949,.T.);
#3949 = EDGE_CURVE('',#3942,#3892,#3950,.T.);
#3950 = LINE('',#3951,#3952);
#3951 = CARTESIAN_POINT('',(-2.200396726603,29.5,16.5));
#3952 = VECTOR('',#3953,1.);
#3953 = DIRECTION('',(1.,-0.,-1.1E-16));
#3954 = ORIENTED_EDGE('',*,*,#3891,.F.);
#3955 = ORIENTED_EDGE('',*,*,#3464,.F.);
#3956 = PLANE('',#3957);
#3957 = AXIS2_PLACEMENT_3D('',#3958,#3959,#3960);
#3958 = CARTESIAN_POINT('',(-2.200396726603,41.5,16.5));
#3959 = DIRECTION('',(-1.1E-16,5.E-16,1.));
#3960 = DIRECTION('',(1.,-2.2E-16,1.1E-16));
#3961 = ADVANCED_FACE('',(#3962),#3980,.T.);
#3962 = FACE_BOUND('',#3963,.T.);
#3963 = EDGE_LOOP('',(#3964,#3965,#3973,#3979));
#3964 = ORIENTED_EDGE('',*,*,#3926,.T.);
#3965 = ORIENTED_EDGE('',*,*,#3966,.T.);
#3966 = EDGE_CURVE('',#3918,#3967,#3969,.T.);
#3967 = VERTEX_POINT('',#3968);
#3968 = CARTESIAN_POINT('',(-4.200396726603,29.5,18.5));
#3969 = LINE('',#3970,#3971);
#3970 = CARTESIAN_POINT('',(-4.200396726603,29.5,29.5));
#3971 = VECTOR('',#3972,1.);
#3972 = DIRECTION('',(3.3E-16,-1.1E-16,-1.));
#3973 = ORIENTED_EDGE('',*,*,#3974,.F.);
#3974 = EDGE_CURVE('',#3448,#3967,#3975,.T.);
#3975 = LINE('',#3976,#3977);
#3976 = CARTESIAN_POINT('',(-4.200396726603,41.5,18.5));
#3977 = VECTOR('',#3978,1.);
#3978 = DIRECTION('',(1.1E-16,-1.,5.E-16));
#3979 = ORIENTED_EDGE('',*,*,#3447,.F.);
#3980 = PLANE('',#3981);
#3981 = AXIS2_PLACEMENT_3D('',#3982,#3983,#3984);
#3982 = CARTESIAN_POINT('',(-4.200396726603,41.5,29.5));
#3983 = DIRECTION('',(1.,1.1E-16,3.3E-16));
#3984 = DIRECTION('',(3.3E-16,-3.3E-16,-1.));
#3985 = ADVANCED_FACE('',(#3986),#3998,.F.);
#3986 = FACE_BOUND('',#3987,.T.);
#3987 = EDGE_LOOP('',(#3988,#3989,#3996,#3997));
#3988 = ORIENTED_EDGE('',*,*,#3974,.T.);
#3989 = ORIENTED_EDGE('',*,*,#3990,.T.);
#3990 = EDGE_CURVE('',#3967,#3942,#3991,.T.);
#3991 = CIRCLE('',#3992,2.);
#3992 = AXIS2_PLACEMENT_3D('',#3993,#3994,#3995);
#3993 = CARTESIAN_POINT('',(-2.200396726603,29.5,18.5));
#3994 = DIRECTION('',(0.,-1.,1.1E-16));
#3995 = DIRECTION('',(3.3E-16,-1.1E-16,-1.));
#3996 = ORIENTED_EDGE('',*,*,#3941,.F.);
#3997 = ORIENTED_EDGE('',*,*,#3455,.F.);
#3998 = CYLINDRICAL_SURFACE('',#3999,2.);
#3999 = AXIS2_PLACEMENT_3D('',#4000,#4001,#4002);
#4000 = CARTESIAN_POINT('',(-2.200396726603,41.5,18.5));
#4001 = DIRECTION('',(2.2E-16,1.,-3.3E-16));
#4002 = DIRECTION('',(3.3E-16,-3.3E-16,-1.));
#4003 = ADVANCED_FACE('',(#4004),#4014,.T.);
#4004 = FACE_BOUND('',#4005,.F.);
#4005 = EDGE_LOOP('',(#4006,#4007,#4008,#4009,#4010,#4011,#4012,#4013));
#4006 = ORIENTED_EDGE('',*,*,#3868,.T.);
#4007 = ORIENTED_EDGE('',*,*,#3917,.T.);
#4008 = ORIENTED_EDGE('',*,*,#3966,.T.);
#4009 = ORIENTED_EDGE('',*,*,#3990,.T.);
#4010 = ORIENTED_EDGE('',*,*,#3949,.T.);
#4011 = ORIENTED_EDGE('',*,*,#3899,.T.);
#4012 = ORIENTED_EDGE('',*,*,#3851,.T.);
#4013 = ORIENTED_EDGE('',*,*,#3819,.T.);
#4014 = PLANE('',#4015);
#4015 = AXIS2_PLACEMENT_3D('',#4016,#4017,#4018);
#4016 = CARTESIAN_POINT('',(0.299603273397,29.5,24.));
#4017 = DIRECTION('',(-2.2E-16,1.,-3.3E-16));
#4018 = DIRECTION('',(-3.3E-16,3.3E-16,1.));
#4019 = ADVANCED_FACE('',(#4020),#4046,.F.);
#4020 = FACE_BOUND('',#4021,.T.);
#4021 = EDGE_LOOP('',(#4022,#4030,#4039,#4045));
#4022 = ORIENTED_EDGE('',*,*,#4023,.T.);
#4023 = EDGE_CURVE('',#3490,#4024,#4026,.T.);
#4024 = VERTEX_POINT('',#4025);
#4025 = CARTESIAN_POINT('',(22.799603273397,29.5,29.5));
#4026 = LINE('',#4027,#4028);
#4027 = CARTESIAN_POINT('',(22.799603273397,41.5,29.5));
#4028 = VECTOR('',#4029,1.);
#4029 = DIRECTION('',(1.1E-16,-1.,5.E-16));
#4030 = ORIENTED_EDGE('',*,*,#4031,.T.);
#4031 = EDGE_CURVE('',#4024,#4032,#4034,.T.);
#4032 = VERTEX_POINT('',#4033);
#4033 = CARTESIAN_POINT('',(20.799603273397,29.5,31.5));
#4034 = CIRCLE('',#4035,2.);
#4035 = AXIS2_PLACEMENT_3D('',#4036,#4037,#4038);
#4036 = CARTESIAN_POINT('',(20.799603273397,29.5,29.5));
#4037 = DIRECTION('',(0.,-1.,1.1E-16));
#4038 = DIRECTION('',(3.3E-16,-1.1E-16,-1.));
#4039 = ORIENTED_EDGE('',*,*,#4040,.F.);
#4040 = EDGE_CURVE('',#3492,#4032,#4041,.T.);
#4041 = LINE('',#4042,#4043);
#4042 = CARTESIAN_POINT('',(20.799603273397,41.5,31.5));
#4043 = VECTOR('',#4044,1.);
#4044 = DIRECTION('',(1.1E-16,-1.,5.E-16));
#4045 = ORIENTED_EDGE('',*,*,#3489,.F.);
#4046 = CYLINDRICAL_SURFACE('',#4047,2.);
#4047 = AXIS2_PLACEMENT_3D('',#4048,#4049,#4050);
#4048 = CARTESIAN_POINT('',(20.799603273397,41.5,29.5));
#4049 = DIRECTION('',(2.2E-16,1.,-3.3E-16));
#4050 = DIRECTION('',(3.3E-16,-3.3E-16,-1.));
#4051 = ADVANCED_FACE('',(#4052),#4070,.T.);
#4052 = FACE_BOUND('',#4053,.T.);
#4053 = EDGE_LOOP('',(#4054,#4062,#4068,#4069));
#4054 = ORIENTED_EDGE('',*,*,#4055,.T.);
#4055 = EDGE_CURVE('',#3543,#4056,#4058,.T.);
#4056 = VERTEX_POINT('',#4057);
#4057 = CARTESIAN_POINT('',(22.799603273397,29.5,18.5));
#4058 = LINE('',#4059,#4060);
#4059 = CARTESIAN_POINT('',(22.799603273397,41.5,18.5));
#4060 = VECTOR('',#4061,1.);
#4061 = DIRECTION('',(1.1E-16,-1.,5.E-16));
#4062 = ORIENTED_EDGE('',*,*,#4063,.T.);
#4063 = EDGE_CURVE('',#4056,#4024,#4064,.T.);
#4064 = LINE('',#4065,#4066);
#4065 = CARTESIAN_POINT('',(22.799603273397,29.5,18.5));
#4066 = VECTOR('',#4067,1.);
#4067 = DIRECTION('',(-3.3E-16,1.1E-16,1.));
#4068 = ORIENTED_EDGE('',*,*,#4023,.F.);
#4069 = ORIENTED_EDGE('',*,*,#3551,.F.);
#4070 = PLANE('',#4071);
#4071 = AXIS2_PLACEMENT_3D('',#4072,#4073,#4074);
#4072 = CARTESIAN_POINT('',(22.799603273397,41.5,18.5));
#4073 = DIRECTION('',(-1.,-1.1E-16,-3.3E-16));
#4074 = DIRECTION('',(-3.3E-16,3.3E-16,1.));
#4075 = ADVANCED_FACE('',(#4076),#4095,.F.);
#4076 = FACE_BOUND('',#4077,.T.);
#4077 = EDGE_LOOP('',(#4078,#4086,#4093,#4094));
#4078 = ORIENTED_EDGE('',*,*,#4079,.T.);
#4079 = EDGE_CURVE('',#3535,#4080,#4082,.T.);
#4080 = VERTEX_POINT('',#4081);
#4081 = CARTESIAN_POINT('',(20.799603273397,29.5,16.5));
#4082 = LINE('',#4083,#4084);
#4083 = CARTESIAN_POINT('',(20.799603273397,41.5,16.5));
#4084 = VECTOR('',#4085,1.);
#4085 = DIRECTION('',(1.1E-16,-1.,5.E-16));
#4086 = ORIENTED_EDGE('',*,*,#4087,.T.);
#4087 = EDGE_CURVE('',#4080,#4056,#4088,.T.);
#4088 = CIRCLE('',#4089,2.);
#4089 = AXIS2_PLACEMENT_3D('',#4090,#4091,#4092);
#4090 = CARTESIAN_POINT('',(20.799603273397,29.5,18.5));
#4091 = DIRECTION('',(0.,-1.,1.1E-16));
#4092 = DIRECTION('',(3.3E-16,-1.1E-16,-1.));
#4093 = ORIENTED_EDGE('',*,*,#4055,.F.);
#4094 = ORIENTED_EDGE('',*,*,#3542,.F.);
#4095 = CYLINDRICAL_SURFACE('',#4096,2.);
#4096 = AXIS2_PLACEMENT_3D('',#4097,#4098,#4099);
#4097 = CARTESIAN_POINT('',(20.799603273397,41.5,18.5));
#4098 = DIRECTION('',(2.2E-16,1.,-3.3E-16));
#4099 = DIRECTION('',(3.3E-16,-3.3E-16,-1.));
#4100 = ADVANCED_FACE('',(#4101),#4119,.T.);
#4101 = FACE_BOUND('',#4102,.T.);
#4102 = EDGE_LOOP('',(#4103,#4111,#4117,#4118));
#4103 = ORIENTED_EDGE('',*,*,#4104,.T.);
#4104 = EDGE_CURVE('',#3526,#4105,#4107,.T.);
#4105 = VERTEX_POINT('',#4106);
#4106 = CARTESIAN_POINT('',(15.799603273397,29.5,16.5));
#4107 = LINE('',#4108,#4109);
#4108 = CARTESIAN_POINT('',(15.799603273397,41.5,16.5));
#4109 = VECTOR('',#4110,1.);
#4110 = DIRECTION('',(1.1E-16,-1.,5.E-16));
#4111 = ORIENTED_EDGE('',*,*,#4112,.T.);
#4112 = EDGE_CURVE('',#4105,#4080,#4113,.T.);
#4113 = LINE('',#4114,#4115);
#4114 = CARTESIAN_POINT('',(15.799603273397,29.5,16.5));
#4115 = VECTOR('',#4116,1.);
#4116 = DIRECTION('',(1.,-0.,-1.1E-16));
#4117 = ORIENTED_EDGE('',*,*,#4079,.F.);
#4118 = ORIENTED_EDGE('',*,*,#3534,.F.);
#4119 = PLANE('',#4120);
#4120 = AXIS2_PLACEMENT_3D('',#4121,#4122,#4123);
#4121 = CARTESIAN_POINT('',(15.799603273397,41.5,16.5));
#4122 = DIRECTION('',(-1.1E-16,5.E-16,1.));
#4123 = DIRECTION('',(1.,-2.2E-16,1.1E-16));
#4124 = ADVANCED_FACE('',(#4125),#4144,.F.);
#4125 = FACE_BOUND('',#4126,.T.);
#4126 = EDGE_LOOP('',(#4127,#4135,#4142,#4143));
#4127 = ORIENTED_EDGE('',*,*,#4128,.T.);
#4128 = EDGE_CURVE('',#3518,#4129,#4131,.T.);
#4129 = VERTEX_POINT('',#4130);
#4130 = CARTESIAN_POINT('',(13.799603273397,29.5,18.5));
#4131 = LINE('',#4132,#4133);
#4132 = CARTESIAN_POINT('',(13.799603273397,41.5,18.5));
#4133 = VECTOR('',#4134,1.);
#4134 = DIRECTION('',(1.1E-16,-1.,5.E-16));
#4135 = ORIENTED_EDGE('',*,*,#4136,.T.);
#4136 = EDGE_CURVE('',#4129,#4105,#4137,.T.);
#4137 = CIRCLE('',#4138,2.);
#4138 = AXIS2_PLACEMENT_3D('',#4139,#4140,#4141);
#4139 = CARTESIAN_POINT('',(15.799603273397,29.5,18.5));
#4140 = DIRECTION('',(0.,-1.,1.1E-16));
#4141 = DIRECTION('',(3.3E-16,-1.1E-16,-1.));
#4142 = ORIENTED_EDGE('',*,*,#4104,.F.);
#4143 = ORIENTED_EDGE('',*,*,#3525,.F.);
#4144 = CYLINDRICAL_SURFACE('',#4145,2.);
#4145 = AXIS2_PLACEMENT_3D('',#4146,#4147,#4148);
#4146 = CARTESIAN_POINT('',(15.799603273397,41.5,18.5));
#4147 = DIRECTION('',(2.2E-16,1.,-3.3E-16));
#4148 = DIRECTION('',(3.3E-16,-3.3E-16,-1.));
#4149 = ADVANCED_FACE('',(#4150),#4168,.T.);
#4150 = FACE_BOUND('',#4151,.T.);
#4151 = EDGE_LOOP('',(#4152,#4160,#4166,#4167));
#4152 = ORIENTED_EDGE('',*,*,#4153,.T.);
#4153 = EDGE_CURVE('',#3509,#4154,#4156,.T.);
#4154 = VERTEX_POINT('',#4155);
#4155 = CARTESIAN_POINT('',(13.799603273397,29.5,29.5));
#4156 = LINE('',#4157,#4158);
#4157 = CARTESIAN_POINT('',(13.799603273397,41.5,29.5));
#4158 = VECTOR('',#4159,1.);
#4159 = DIRECTION('',(1.1E-16,-1.,5.E-16));
#4160 = ORIENTED_EDGE('',*,*,#4161,.T.);
#4161 = EDGE_CURVE('',#4154,#4129,#4162,.T.);
#4162 = LINE('',#4163,#4164);
#4163 = CARTESIAN_POINT('',(13.799603273397,29.5,29.5));
#4164 = VECTOR('',#4165,1.);
#4165 = DIRECTION('',(3.3E-16,-1.1E-16,-1.));
#4166 = ORIENTED_EDGE('',*,*,#4128,.F.);
#4167 = ORIENTED_EDGE('',*,*,#3517,.F.);
#4168 = PLANE('',#4169);
#4169 = AXIS2_PLACEMENT_3D('',#4170,#4171,#4172);
#4170 = CARTESIAN_POINT('',(13.799603273397,41.5,29.5));
#4171 = DIRECTION('',(1.,1.1E-16,3.3E-16));
#4172 = DIRECTION('',(3.3E-16,-3.3E-16,-1.));
#4173 = ADVANCED_FACE('',(#4174),#4193,.F.);
#4174 = FACE_BOUND('',#4175,.T.);
#4175 = EDGE_LOOP('',(#4176,#4184,#4191,#4192));
#4176 = ORIENTED_EDGE('',*,*,#4177,.T.);
#4177 = EDGE_CURVE('',#3501,#4178,#4180,.T.);
#4178 = VERTEX_POINT('',#4179);
#4179 = CARTESIAN_POINT('',(15.799603273397,29.5,31.5));
#4180 = LINE('',#4181,#4182);
#4181 = CARTESIAN_POINT('',(15.799603273397,41.5,31.5));
#4182 = VECTOR('',#4183,1.);
#4183 = DIRECTION('',(1.1E-16,-1.,5.E-16));
#4184 = ORIENTED_EDGE('',*,*,#4185,.T.);
#4185 = EDGE_CURVE('',#4178,#4154,#4186,.T.);
#4186 = CIRCLE('',#4187,2.);
#4187 = AXIS2_PLACEMENT_3D('',#4188,#4189,#4190);
#4188 = CARTESIAN_POINT('',(15.799603273397,29.5,29.5));
#4189 = DIRECTION('',(0.,-1.,1.1E-16));
#4190 = DIRECTION('',(3.3E-16,-1.1E-16,-1.));
#4191 = ORIENTED_EDGE('',*,*,#4153,.F.);
#4192 = ORIENTED_EDGE('',*,*,#3508,.F.);
#4193 = CYLINDRICAL_SURFACE('',#4194,2.);
#4194 = AXIS2_PLACEMENT_3D('',#4195,#4196,#4197);
#4195 = CARTESIAN_POINT('',(15.799603273397,41.5,29.5));
#4196 = DIRECTION('',(2.2E-16,1.,-3.3E-16));
#4197 = DIRECTION('',(3.3E-16,-3.3E-16,-1.));
#4198 = ADVANCED_FACE('',(#4199),#4210,.T.);
#4199 = FACE_BOUND('',#4200,.T.);
#4200 = EDGE_LOOP('',(#4201,#4202,#4208,#4209));
#4201 = ORIENTED_EDGE('',*,*,#4040,.T.);
#4202 = ORIENTED_EDGE('',*,*,#4203,.T.);
#4203 = EDGE_CURVE('',#4032,#4178,#4204,.T.);
#4204 = LINE('',#4205,#4206);
#4205 = CARTESIAN_POINT('',(20.799603273397,29.5,31.5));
#4206 = VECTOR('',#4207,1.);
#4207 = DIRECTION('',(-1.,0.,1.1E-16));
#4208 = ORIENTED_EDGE('',*,*,#4177,.F.);
#4209 = ORIENTED_EDGE('',*,*,#3500,.F.);
#4210 = PLANE('',#4211);
#4211 = AXIS2_PLACEMENT_3D('',#4212,#4213,#4214);
#4212 = CARTESIAN_POINT('',(20.799603273397,41.5,31.5));
#4213 = DIRECTION('',(1.1E-16,-5.E-16,-1.));
#4214 = DIRECTION('',(-1.,2.2E-16,-1.1E-16));
#4215 = ADVANCED_FACE('',(#4216),#4226,.T.);
#4216 = FACE_BOUND('',#4217,.F.);
#4217 = EDGE_LOOP('',(#4218,#4219,#4220,#4221,#4222,#4223,#4224,#4225));
#4218 = ORIENTED_EDGE('',*,*,#4203,.T.);
#4219 = ORIENTED_EDGE('',*,*,#4185,.T.);
#4220 = ORIENTED_EDGE('',*,*,#4161,.T.);
#4221 = ORIENTED_EDGE('',*,*,#4136,.T.);
#4222 = ORIENTED_EDGE('',*,*,#4112,.T.);
#4223 = ORIENTED_EDGE('',*,*,#4087,.T.);
#4224 = ORIENTED_EDGE('',*,*,#4063,.T.);
#4225 = ORIENTED_EDGE('',*,*,#4031,.T.);
#4226 = PLANE('',#4227);
#4227 = AXIS2_PLACEMENT_3D('',#4228,#4229,#4230);
#4228 = CARTESIAN_POINT('',(18.299603273397,29.5,24.));
#4229 = DIRECTION('',(-2.2E-16,1.,-3.3E-16));
#4230 = DIRECTION('',(-3.3E-16,3.3E-16,1.));
#4231 = ADVANCED_FACE('',(#4232),#4257,.F.);
#4232 = FACE_BOUND('',#4233,.F.);
#4233 = EDGE_LOOP('',(#4234,#4242,#4250,#4256));
#4234 = ORIENTED_EDGE('',*,*,#4235,.F.);
#4235 = EDGE_CURVE('',#4236,#3560,#4238,.T.);
#4236 = VERTEX_POINT('',#4237);
#4237 = CARTESIAN_POINT('',(4.299603273397,46.,4.2));
#4238 = LINE('',#4239,#4240);
#4239 = CARTESIAN_POINT('',(4.299603273397,46.,4.2));
#4240 = VECTOR('',#4241,1.);
#4241 = DIRECTION('',(0.,-1.,0.));
#4242 = ORIENTED_EDGE('',*,*,#4243,.F.);
#4243 = EDGE_CURVE('',#4244,#4236,#4246,.T.);
#4244 = VERTEX_POINT('',#4245);
#4245 = CARTESIAN_POINT('',(4.299603273397,46.,1.3348));
#4246 = LINE('',#4247,#4248);
#4247 = CARTESIAN_POINT('',(4.299603273397,46.,1.3348));
#4248 = VECTOR('',#4249,1.);
#4249 = DIRECTION('',(0.,0.,1.));
#4250 = ORIENTED_EDGE('',*,*,#4251,.F.);
#4251 = EDGE_CURVE('',#3562,#4244,#4252,.T.);
#4252 = LINE('',#4253,#4254);
#4253 = CARTESIAN_POINT('',(4.299603273397,17.5,1.3348));
#4254 = VECTOR('',#4255,1.);
#4255 = DIRECTION('',(0.,1.,0.));
#4256 = ORIENTED_EDGE('',*,*,#3559,.F.);
#4257 = PLANE('',#4258);
#4258 = AXIS2_PLACEMENT_3D('',#4259,#4260,#4261);
#4259 = CARTESIAN_POINT('',(4.299603273397,30.890663008294,2.82152757892
    ));
#4260 = DIRECTION('',(-1.,0.,0.));
#4261 = DIRECTION('',(0.,0.,1.));
#4262 = ADVANCED_FACE('',(#4263,#4281),#4323,.T.);
#4263 = FACE_BOUND('',#4264,.T.);
#4264 = EDGE_LOOP('',(#4265,#4266,#4267,#4275));
#4265 = ORIENTED_EDGE('',*,*,#4251,.F.);
#4266 = ORIENTED_EDGE('',*,*,#3585,.F.);
#4267 = ORIENTED_EDGE('',*,*,#4268,.T.);
#4268 = EDGE_CURVE('',#3578,#4269,#4271,.T.);
#4269 = VERTEX_POINT('',#4270);
#4270 = CARTESIAN_POINT('',(-3.700396726603,46.,1.3348));
#4271 = LINE('',#4272,#4273);
#4272 = CARTESIAN_POINT('',(-3.700396726603,17.5,1.3348));
#4273 = VECTOR('',#4274,1.);
#4274 = DIRECTION('',(0.,1.,0.));
#4275 = ORIENTED_EDGE('',*,*,#4276,.F.);
#4276 = EDGE_CURVE('',#4244,#4269,#4277,.T.);
#4277 = LINE('',#4278,#4279);
#4278 = CARTESIAN_POINT('',(4.299603273397,46.,1.3348));
#4279 = VECTOR('',#4280,1.);
#4280 = DIRECTION('',(-1.,2.2E-16,0.));
#4281 = FACE_BOUND('',#4282,.T.);
#4282 = EDGE_LOOP('',(#4283,#4293,#4301,#4309,#4317));
#4283 = ORIENTED_EDGE('',*,*,#4284,.F.);
#4284 = EDGE_CURVE('',#4285,#4287,#4289,.T.);
#4285 = VERTEX_POINT('',#4286);
#4286 = CARTESIAN_POINT('',(3.299603273397,45.,1.3348));
#4287 = VERTEX_POINT('',#4288);
#4288 = CARTESIAN_POINT('',(3.299603273397,43.,1.3348));
#4289 = LINE('',#4290,#4291);
#4290 = CARTESIAN_POINT('',(3.299603273397,30.25,1.3348));
#4291 = VECTOR('',#4292,1.);
#4292 = DIRECTION('',(2.2E-16,-1.,-3.3E-16));
#4293 = ORIENTED_EDGE('',*,*,#4294,.F.);
#4294 = EDGE_CURVE('',#4295,#4285,#4297,.T.);
#4295 = VERTEX_POINT('',#4296);
#4296 = CARTESIAN_POINT('',(-2.700396726603,45.,1.3348));
#4297 = LINE('',#4298,#4299);
#4298 = CARTESIAN_POINT('',(3.799603273397,45.,1.3348));
#4299 = VECTOR('',#4300,1.);
#4300 = DIRECTION('',(1.,0.,-3.3E-16));
#4301 = ORIENTED_EDGE('',*,*,#4302,.F.);
#4302 = EDGE_CURVE('',#4303,#4295,#4305,.T.);
#4303 = VERTEX_POINT('',#4304);
#4304 = CARTESIAN_POINT('',(-2.700396726603,43.,1.3348));
#4305 = LINE('',#4306,#4307);
#4306 = CARTESIAN_POINT('',(-2.700396726603,31.25,1.3348));
#4307 = VECTOR('',#4308,1.);
#4308 = DIRECTION('',(-2.2E-16,1.,3.3E-16));
#4309 = ORIENTED_EDGE('',*,*,#4310,.T.);
#4310 = EDGE_CURVE('',#4303,#4311,#4313,.T.);
#4311 = VERTEX_POINT('',#4312);
#4312 = CARTESIAN_POINT('',(0.299603273397,42.,1.3348));
#4313 = LINE('',#4314,#4315);
#4314 = CARTESIAN_POINT('',(5.774603273397,40.175,1.3348));
#4315 = VECTOR('',#4316,1.);
#4316 = DIRECTION('',(0.948683298051,-0.316227766017,-4.2E-16));
#4317 = ORIENTED_EDGE('',*,*,#4318,.F.);
#4318 = EDGE_CURVE('',#4287,#4311,#4319,.T.);
#4319 = LINE('',#4320,#4321);
#4320 = CARTESIAN_POINT('',(-1.575396726603,41.375,1.3348));
#4321 = VECTOR('',#4322,1.);
#4322 = DIRECTION('',(-0.948683298051,-0.316227766017,2.1E-16));
#4323 = PLANE('',#4324);
#4324 = AXIS2_PLACEMENT_3D('',#4325,#4326,#4327);
#4325 = CARTESIAN_POINT('',(4.299603273397,17.5,1.3348));
#4326 = DIRECTION('',(0.,2.2E-16,-1.));
#4327 = DIRECTION('',(0.,1.,2.2E-16));
#4328 = ADVANCED_FACE('',(#4329),#4347,.T.);
#4329 = FACE_BOUND('',#4330,.T.);
#4330 = EDGE_LOOP('',(#4331,#4339,#4345,#4346));
#4331 = ORIENTED_EDGE('',*,*,#4332,.F.);
#4332 = EDGE_CURVE('',#4333,#3570,#4335,.T.);
#4333 = VERTEX_POINT('',#4334);
#4334 = CARTESIAN_POINT('',(-3.700396726603,46.,4.2));
#4335 = LINE('',#4336,#4337);
#4336 = CARTESIAN_POINT('',(-3.700396726603,46.,4.2));
#4337 = VECTOR('',#4338,1.);
#4338 = DIRECTION('',(0.,-1.,0.));
#4339 = ORIENTED_EDGE('',*,*,#4340,.F.);
#4340 = EDGE_CURVE('',#4269,#4333,#4341,.T.);
#4341 = LINE('',#4342,#4343);
#4342 = CARTESIAN_POINT('',(-3.700396726603,46.,1.3348));
#4343 = VECTOR('',#4344,1.);
#4344 = DIRECTION('',(0.,0.,1.));
#4345 = ORIENTED_EDGE('',*,*,#4268,.F.);
#4346 = ORIENTED_EDGE('',*,*,#3577,.F.);
#4347 = PLANE('',#4348);
#4348 = AXIS2_PLACEMENT_3D('',#4349,#4350,#4351);
#4349 = CARTESIAN_POINT('',(-3.700396726603,30.890663008294,
    2.82152757892));
#4350 = DIRECTION('',(-1.,0.,0.));
#4351 = DIRECTION('',(0.,0.,1.));
#4352 = ADVANCED_FACE('',(#4353,#4364),#4406,.T.);
#4353 = FACE_BOUND('',#4354,.T.);
#4354 = EDGE_LOOP('',(#4355,#4356,#4362,#4363));
#4355 = ORIENTED_EDGE('',*,*,#4235,.F.);
#4356 = ORIENTED_EDGE('',*,*,#4357,.T.);
#4357 = EDGE_CURVE('',#4236,#4333,#4358,.T.);
#4358 = LINE('',#4359,#4360);
#4359 = CARTESIAN_POINT('',(4.299603273397,46.,4.2));
#4360 = VECTOR('',#4361,1.);
#4361 = DIRECTION('',(-1.,2.2E-16,0.));
#4362 = ORIENTED_EDGE('',*,*,#4332,.T.);
#4363 = ORIENTED_EDGE('',*,*,#3569,.F.);
#4364 = FACE_BOUND('',#4365,.T.);
#4365 = EDGE_LOOP('',(#4366,#4376,#4384,#4392,#4400));
#4366 = ORIENTED_EDGE('',*,*,#4367,.F.);
#4367 = EDGE_CURVE('',#4368,#4370,#4372,.T.);
#4368 = VERTEX_POINT('',#4369);
#4369 = CARTESIAN_POINT('',(3.299603273397,43.,4.2));
#4370 = VERTEX_POINT('',#4371);
#4371 = CARTESIAN_POINT('',(3.299603273397,45.,4.2));
#4372 = LINE('',#4373,#4374);
#4373 = CARTESIAN_POINT('',(3.299603273397,43.,4.2));
#4374 = VECTOR('',#4375,1.);
#4375 = DIRECTION('',(0.,1.,0.));
#4376 = ORIENTED_EDGE('',*,*,#4377,.F.);
#4377 = EDGE_CURVE('',#4378,#4368,#4380,.T.);
#4378 = VERTEX_POINT('',#4379);
#4379 = CARTESIAN_POINT('',(0.299603273397,42.,4.2));
#4380 = LINE('',#4381,#4382);
#4381 = CARTESIAN_POINT('',(0.299603273397,42.,4.2));
#4382 = VECTOR('',#4383,1.);
#4383 = DIRECTION('',(0.948683298051,0.316227766017,0.));
#4384 = ORIENTED_EDGE('',*,*,#4385,.T.);
#4385 = EDGE_CURVE('',#4378,#4386,#4388,.T.);
#4386 = VERTEX_POINT('',#4387);
#4387 = CARTESIAN_POINT('',(-2.700396726603,43.,4.2));
#4388 = LINE('',#4389,#4390);
#4389 = CARTESIAN_POINT('',(0.299603273397,42.,4.2));
#4390 = VECTOR('',#4391,1.);
#4391 = DIRECTION('',(-0.948683298051,0.316227766017,0.));
#4392 = ORIENTED_EDGE('',*,*,#4393,.F.);
#4393 = EDGE_CURVE('',#4394,#4386,#4396,.T.);
#4394 = VERTEX_POINT('',#4395);
#4395 = CARTESIAN_POINT('',(-2.700396726603,45.,4.2));
#4396 = LINE('',#4397,#4398);
#4397 = CARTESIAN_POINT('',(-2.700396726603,45.,4.2));
#4398 = VECTOR('',#4399,1.);
#4399 = DIRECTION('',(0.,-1.,0.));
#4400 = ORIENTED_EDGE('',*,*,#4401,.F.);
#4401 = EDGE_CURVE('',#4370,#4394,#4402,.T.);
#4402 = LINE('',#4403,#4404);
#4403 = CARTESIAN_POINT('',(3.299603273397,45.,4.2));
#4404 = VECTOR('',#4405,1.);
#4405 = DIRECTION('',(-1.,0.,0.));
#4406 = PLANE('',#4407);
#4407 = AXIS2_PLACEMENT_3D('',#4408,#4409,#4410);
#4408 = CARTESIAN_POINT('',(4.299603273397,46.,4.2));
#4409 = DIRECTION('',(0.,-2.2E-16,1.));
#4410 = DIRECTION('',(0.,-1.,-2.2E-16));
#4411 = ADVANCED_FACE('',(#4412),#4418,.T.);
#4412 = FACE_BOUND('',#4413,.T.);
#4413 = EDGE_LOOP('',(#4414,#4415,#4416,#4417));
#4414 = ORIENTED_EDGE('',*,*,#4276,.T.);
#4415 = ORIENTED_EDGE('',*,*,#4340,.T.);
#4416 = ORIENTED_EDGE('',*,*,#4357,.F.);
#4417 = ORIENTED_EDGE('',*,*,#4243,.F.);
#4418 = PLANE('',#4419);
#4419 = AXIS2_PLACEMENT_3D('',#4420,#4421,#4422);
#4420 = CARTESIAN_POINT('',(4.299603273397,46.,1.3348));
#4421 = DIRECTION('',(2.2E-16,1.,-0.));
#4422 = DIRECTION('',(2.2E-16,-4.84E-32,1.));
#4423 = ADVANCED_FACE('',(#4424),#4440,.F.);
#4424 = FACE_BOUND('',#4425,.F.);
#4425 = EDGE_LOOP('',(#4426,#4427,#4433,#4434));
#4426 = ORIENTED_EDGE('',*,*,#4367,.F.);
#4427 = ORIENTED_EDGE('',*,*,#4428,.T.);
#4428 = EDGE_CURVE('',#4368,#4287,#4429,.T.);
#4429 = LINE('',#4430,#4431);
#4430 = CARTESIAN_POINT('',(3.299603273397,43.,4.2));
#4431 = VECTOR('',#4432,1.);
#4432 = DIRECTION('',(-2.2E-16,0.,-1.));
#4433 = ORIENTED_EDGE('',*,*,#4284,.F.);
#4434 = ORIENTED_EDGE('',*,*,#4435,.F.);
#4435 = EDGE_CURVE('',#4370,#4285,#4436,.T.);
#4436 = LINE('',#4437,#4438);
#4437 = CARTESIAN_POINT('',(3.299603273397,45.,4.2));
#4438 = VECTOR('',#4439,1.);
#4439 = DIRECTION('',(-2.2E-16,0.,-1.));
#4440 = PLANE('',#4441);
#4441 = AXIS2_PLACEMENT_3D('',#4442,#4443,#4444);
#4442 = CARTESIAN_POINT('',(3.299603273397,43.,4.2));
#4443 = DIRECTION('',(1.,2.2E-16,-2.2E-16));
#4444 = DIRECTION('',(-2.2E-16,1.,2.2E-16));
#4445 = ADVANCED_FACE('',(#4446),#4457,.F.);
#4446 = FACE_BOUND('',#4447,.F.);
#4447 = EDGE_LOOP('',(#4448,#4449,#4450,#4451));
#4448 = ORIENTED_EDGE('',*,*,#4401,.F.);
#4449 = ORIENTED_EDGE('',*,*,#4435,.T.);
#4450 = ORIENTED_EDGE('',*,*,#4294,.F.);
#4451 = ORIENTED_EDGE('',*,*,#4452,.F.);
#4452 = EDGE_CURVE('',#4394,#4295,#4453,.T.);
#4453 = LINE('',#4454,#4455);
#4454 = CARTESIAN_POINT('',(-2.700396726603,45.,4.2));
#4455 = VECTOR('',#4456,1.);
#4456 = DIRECTION('',(-2.2E-16,0.,-1.));
#4457 = PLANE('',#4458);
#4458 = AXIS2_PLACEMENT_3D('',#4459,#4460,#4461);
#4459 = CARTESIAN_POINT('',(3.299603273397,45.,4.2));
#4460 = DIRECTION('',(0.,1.,0.));
#4461 = DIRECTION('',(-1.,0.,0.));
#4462 = ADVANCED_FACE('',(#4463),#4474,.F.);
#4463 = FACE_BOUND('',#4464,.F.);
#4464 = EDGE_LOOP('',(#4465,#4466,#4472,#4473));
#4465 = ORIENTED_EDGE('',*,*,#4377,.F.);
#4466 = ORIENTED_EDGE('',*,*,#4467,.T.);
#4467 = EDGE_CURVE('',#4378,#4311,#4468,.T.);
#4468 = LINE('',#4469,#4470);
#4469 = CARTESIAN_POINT('',(0.299603273397,42.,4.2));
#4470 = VECTOR('',#4471,1.);
#4471 = DIRECTION('',(-2.2E-16,0.,-1.));
#4472 = ORIENTED_EDGE('',*,*,#4318,.F.);
#4473 = ORIENTED_EDGE('',*,*,#4428,.F.);
#4474 = PLANE('',#4475);
#4475 = AXIS2_PLACEMENT_3D('',#4476,#4477,#4478);
#4476 = CARTESIAN_POINT('',(0.299603273397,42.,4.2));
#4477 = DIRECTION('',(0.316227766017,-0.948683298051,-7.E-17));
#4478 = DIRECTION('',(0.948683298051,0.316227766017,7.E-17));
#4479 = ADVANCED_FACE('',(#4480),#4491,.F.);
#4480 = FACE_BOUND('',#4481,.F.);
#4481 = EDGE_LOOP('',(#4482,#4483,#4484,#4485));
#4482 = ORIENTED_EDGE('',*,*,#4393,.F.);
#4483 = ORIENTED_EDGE('',*,*,#4452,.T.);
#4484 = ORIENTED_EDGE('',*,*,#4302,.F.);
#4485 = ORIENTED_EDGE('',*,*,#4486,.F.);
#4486 = EDGE_CURVE('',#4386,#4303,#4487,.T.);
#4487 = LINE('',#4488,#4489);
#4488 = CARTESIAN_POINT('',(-2.700396726603,43.,4.2));
#4489 = VECTOR('',#4490,1.);
#4490 = DIRECTION('',(-2.2E-16,0.,-1.));
#4491 = PLANE('',#4492);
#4492 = AXIS2_PLACEMENT_3D('',#4493,#4494,#4495);
#4493 = CARTESIAN_POINT('',(-2.700396726603,45.,4.2));
#4494 = DIRECTION('',(-1.,-2.2E-16,2.2E-16));
#4495 = DIRECTION('',(2.2E-16,-1.,-2.2E-16));
#4496 = ADVANCED_FACE('',(#4497),#4503,.T.);
#4497 = FACE_BOUND('',#4498,.T.);
#4498 = EDGE_LOOP('',(#4499,#4500,#4501,#4502));
#4499 = ORIENTED_EDGE('',*,*,#4385,.F.);
#4500 = ORIENTED_EDGE('',*,*,#4467,.T.);
#4501 = ORIENTED_EDGE('',*,*,#4310,.F.);
#4502 = ORIENTED_EDGE('',*,*,#4486,.F.);
#4503 = PLANE('',#4504);
#4504 = AXIS2_PLACEMENT_3D('',#4505,#4506,#4507);
#4505 = CARTESIAN_POINT('',(0.299603273397,42.,4.2));
#4506 = DIRECTION('',(0.316227766017,0.948683298051,-7.E-17));
#4507 = DIRECTION('',(-0.948683298051,0.316227766017,7.E-17));
#4508 = ADVANCED_FACE('',(#4509,#4520),#4554,.T.);
#4509 = FACE_BOUND('',#4510,.T.);
#4510 = EDGE_LOOP('',(#4511,#4512,#4513,#4519));
#4511 = ORIENTED_EDGE('',*,*,#2886,.T.);
#4512 = ORIENTED_EDGE('',*,*,#278,.T.);
#4513 = ORIENTED_EDGE('',*,*,#4514,.F.);
#4514 = EDGE_CURVE('',#938,#279,#4515,.T.);
#4515 = LINE('',#4516,#4517);
#4516 = CARTESIAN_POINT('',(9.299603273397,17.5,6.2));
#4517 = VECTOR('',#4518,1.);
#4518 = DIRECTION('',(1.,-6.7E-16,-3.3E-16));
#4519 = ORIENTED_EDGE('',*,*,#937,.F.);
#4520 = FACE_BOUND('',#4521,.T.);
#4521 = EDGE_LOOP('',(#4522,#4532,#4540,#4548));
#4522 = ORIENTED_EDGE('',*,*,#4523,.F.);
#4523 = EDGE_CURVE('',#4524,#4526,#4528,.T.);
#4524 = VERTEX_POINT('',#4525);
#4525 = CARTESIAN_POINT('',(4.299603273397,17.5,1.3348));
#4526 = VERTEX_POINT('',#4527);
#4527 = CARTESIAN_POINT('',(4.299603273397,17.5,4.2));
#4528 = LINE('',#4529,#4530);
#4529 = CARTESIAN_POINT('',(4.299603273397,17.5,1.41076378946));
#4530 = VECTOR('',#4531,1.);
#4531 = DIRECTION('',(0.,1.E-15,1.));
#4532 = ORIENTED_EDGE('',*,*,#4533,.T.);
#4533 = EDGE_CURVE('',#4524,#4534,#4536,.T.);
#4534 = VERTEX_POINT('',#4535);
#4535 = CARTESIAN_POINT('',(-3.700396726603,17.5,1.3348));
#4536 = LINE('',#4537,#4538);
#4537 = CARTESIAN_POINT('',(4.299603273397,17.5,1.3348));
#4538 = VECTOR('',#4539,1.);
#4539 = DIRECTION('',(-1.,2.2E-16,0.));
#4540 = ORIENTED_EDGE('',*,*,#4541,.T.);
#4541 = EDGE_CURVE('',#4534,#4542,#4544,.T.);
#4542 = VERTEX_POINT('',#4543);
#4543 = CARTESIAN_POINT('',(-3.700396726603,17.5,4.2));
#4544 = LINE('',#4545,#4546);
#4545 = CARTESIAN_POINT('',(-3.700396726603,17.5,1.41076378946));
#4546 = VECTOR('',#4547,1.);
#4547 = DIRECTION('',(0.,1.E-15,1.));
#4548 = ORIENTED_EDGE('',*,*,#4549,.T.);
#4549 = EDGE_CURVE('',#4542,#4526,#4550,.T.);
#4550 = LINE('',#4551,#4552);
#4551 = CARTESIAN_POINT('',(-2.200396726603,17.5,4.2));
#4552 = VECTOR('',#4553,1.);
#4553 = DIRECTION('',(1.,1.11E-15,0.));
#4554 = PLANE('',#4555);
#4555 = AXIS2_PLACEMENT_3D('',#4556,#4557,#4558);
#4556 = CARTESIAN_POINT('',(0.299603273397,17.5,3.1));
#4557 = DIRECTION('',(-0.,-1.,-6.3E-16));
#4558 = DIRECTION('',(0.,6.3E-16,-1.));
#4559 = ADVANCED_FACE('',(#4560),#4577,.F.);
#4560 = FACE_BOUND('',#4561,.F.);
#4561 = EDGE_LOOP('',(#4562,#4570,#4571));
#4562 = ORIENTED_EDGE('',*,*,#4563,.F.);
#4563 = EDGE_CURVE('',#4526,#4564,#4566,.T.);
#4564 = VERTEX_POINT('',#4565);
#4565 = CARTESIAN_POINT('',(4.299603273397,15.,4.2));
#4566 = LINE('',#4567,#4568);
#4567 = CARTESIAN_POINT('',(4.299603273397,46.,4.2));
#4568 = VECTOR('',#4569,1.);
#4569 = DIRECTION('',(0.,-1.,0.));
#4570 = ORIENTED_EDGE('',*,*,#4523,.F.);
#4571 = ORIENTED_EDGE('',*,*,#4572,.T.);
#4572 = EDGE_CURVE('',#4524,#4564,#4573,.T.);
#4573 = LINE('',#4574,#4575);
#4574 = CARTESIAN_POINT('',(4.299603273397,17.5,1.3348));
#4575 = VECTOR('',#4576,1.);
#4576 = DIRECTION('',(0.,-0.657453902439,0.753494768507));
#4577 = PLANE('',#4578);
#4578 = AXIS2_PLACEMENT_3D('',#4579,#4580,#4581);
#4579 = CARTESIAN_POINT('',(4.299603273397,30.890663008294,2.82152757892
    ));
#4580 = DIRECTION('',(-1.,0.,0.));
#4581 = DIRECTION('',(0.,0.,1.));
#4582 = ADVANCED_FACE('',(#4583),#4601,.T.);
#4583 = FACE_BOUND('',#4584,.T.);
#4584 = EDGE_LOOP('',(#4585,#4586,#4587,#4595));
#4585 = ORIENTED_EDGE('',*,*,#4563,.F.);
#4586 = ORIENTED_EDGE('',*,*,#4549,.F.);
#4587 = ORIENTED_EDGE('',*,*,#4588,.T.);
#4588 = EDGE_CURVE('',#4542,#4589,#4591,.T.);
#4589 = VERTEX_POINT('',#4590);
#4590 = CARTESIAN_POINT('',(-3.700396726603,15.,4.2));
#4591 = LINE('',#4592,#4593);
#4592 = CARTESIAN_POINT('',(-3.700396726603,46.,4.2));
#4593 = VECTOR('',#4594,1.);
#4594 = DIRECTION('',(0.,-1.,0.));
#4595 = ORIENTED_EDGE('',*,*,#4596,.F.);
#4596 = EDGE_CURVE('',#4564,#4589,#4597,.T.);
#4597 = LINE('',#4598,#4599);
#4598 = CARTESIAN_POINT('',(4.299603273397,15.,4.2));
#4599 = VECTOR('',#4600,1.);
#4600 = DIRECTION('',(-1.,2.2E-16,0.));
#4601 = PLANE('',#4602);
#4602 = AXIS2_PLACEMENT_3D('',#4603,#4604,#4605);
#4603 = CARTESIAN_POINT('',(4.299603273397,46.,4.2));
#4604 = DIRECTION('',(0.,-2.2E-16,1.));
#4605 = DIRECTION('',(0.,-1.,-2.2E-16));
#4606 = ADVANCED_FACE('',(#4607),#4617,.T.);
#4607 = FACE_BOUND('',#4608,.T.);
#4608 = EDGE_LOOP('',(#4609,#4610,#4611));
#4609 = ORIENTED_EDGE('',*,*,#4588,.F.);
#4610 = ORIENTED_EDGE('',*,*,#4541,.F.);
#4611 = ORIENTED_EDGE('',*,*,#4612,.T.);
#4612 = EDGE_CURVE('',#4534,#4589,#4613,.T.);
#4613 = LINE('',#4614,#4615);
#4614 = CARTESIAN_POINT('',(-3.700396726603,17.5,1.3348));
#4615 = VECTOR('',#4616,1.);
#4616 = DIRECTION('',(0.,-0.657453902439,0.753494768507));
#4617 = PLANE('',#4618);
#4618 = AXIS2_PLACEMENT_3D('',#4619,#4620,#4621);
#4619 = CARTESIAN_POINT('',(-3.700396726603,30.890663008294,
    2.82152757892));
#4620 = DIRECTION('',(-1.,0.,0.));
#4621 = DIRECTION('',(0.,0.,1.));
#4622 = ADVANCED_FACE('',(#4623),#4629,.F.);
#4623 = FACE_BOUND('',#4624,.F.);
#4624 = EDGE_LOOP('',(#4625,#4626,#4627,#4628));
#4625 = ORIENTED_EDGE('',*,*,#4533,.T.);
#4626 = ORIENTED_EDGE('',*,*,#4612,.T.);
#4627 = ORIENTED_EDGE('',*,*,#4596,.F.);
#4628 = ORIENTED_EDGE('',*,*,#4572,.F.);
#4629 = PLANE('',#4630);
#4630 = AXIS2_PLACEMENT_3D('',#4631,#4632,#4633);
#4631 = CARTESIAN_POINT('',(4.299603273397,17.5,1.3348));
#4632 = DIRECTION('',(1.7E-16,0.753494768507,0.657453902439));
#4633 = DIRECTION('',(1.7E-16,-0.657453902439,0.753494768507));
#4634 = ADVANCED_FACE('',(#4635),#4646,.T.);
#4635 = FACE_BOUND('',#4636,.T.);
#4636 = EDGE_LOOP('',(#4637,#4638,#4639,#4645));
#4637 = ORIENTED_EDGE('',*,*,#4514,.T.);
#4638 = ORIENTED_EDGE('',*,*,#286,.T.);
#4639 = ORIENTED_EDGE('',*,*,#4640,.F.);
#4640 = EDGE_CURVE('',#946,#287,#4641,.T.);
#4641 = LINE('',#4642,#4643);
#4642 = CARTESIAN_POINT('',(9.299603273397,-17.5,6.2));
#4643 = VECTOR('',#4644,1.);
#4644 = DIRECTION('',(1.,-6.7E-16,-3.3E-16));
#4645 = ORIENTED_EDGE('',*,*,#945,.F.);
#4646 = PLANE('',#4647);
#4647 = AXIS2_PLACEMENT_3D('',#4648,#4649,#4650);
#4648 = CARTESIAN_POINT('',(0.299603273397,1.022E-14,6.2));
#4649 = DIRECTION('',(-5.7E-16,-1.22E-15,-1.));
#4650 = DIRECTION('',(0.,-1.,1.22E-15));
#4651 = ADVANCED_FACE('',(#4652,#4658),#4692,.T.);
#4652 = FACE_BOUND('',#4653,.T.);
#4653 = EDGE_LOOP('',(#4654,#4655,#4656,#4657));
#4654 = ORIENTED_EDGE('',*,*,#4640,.T.);
#4655 = ORIENTED_EDGE('',*,*,#294,.T.);
#4656 = ORIENTED_EDGE('',*,*,#2862,.F.);
#4657 = ORIENTED_EDGE('',*,*,#953,.F.);
#4658 = FACE_BOUND('',#4659,.T.);
#4659 = EDGE_LOOP('',(#4660,#4670,#4678,#4686));
#4660 = ORIENTED_EDGE('',*,*,#4661,.F.);
#4661 = EDGE_CURVE('',#4662,#4664,#4666,.T.);
#4662 = VERTEX_POINT('',#4663);
#4663 = CARTESIAN_POINT('',(-3.700396726603,-17.5,1.3348));
#4664 = VERTEX_POINT('',#4665);
#4665 = CARTESIAN_POINT('',(-3.700396726603,-17.5,4.2));
#4666 = LINE('',#4667,#4668);
#4667 = CARTESIAN_POINT('',(-3.700396726603,-17.5,4.51076378946));
#4668 = VECTOR('',#4669,1.);
#4669 = DIRECTION('',(0.,1.E-15,1.));
#4670 = ORIENTED_EDGE('',*,*,#4671,.T.);
#4671 = EDGE_CURVE('',#4662,#4672,#4674,.T.);
#4672 = VERTEX_POINT('',#4673);
#4673 = CARTESIAN_POINT('',(4.299603273397,-17.5,1.3348));
#4674 = LINE('',#4675,#4676);
#4675 = CARTESIAN_POINT('',(-3.700396726603,-17.5,1.3348));
#4676 = VECTOR('',#4677,1.);
#4677 = DIRECTION('',(1.,-2.2E-16,0.));
#4678 = ORIENTED_EDGE('',*,*,#4679,.T.);
#4679 = EDGE_CURVE('',#4672,#4680,#4682,.T.);
#4680 = VERTEX_POINT('',#4681);
#4681 = CARTESIAN_POINT('',(4.299603273397,-17.5,4.2));
#4682 = LINE('',#4683,#4684);
#4683 = CARTESIAN_POINT('',(4.299603273397,-17.5,4.51076378946));
#4684 = VECTOR('',#4685,1.);
#4685 = DIRECTION('',(0.,1.E-15,1.));
#4686 = ORIENTED_EDGE('',*,*,#4687,.T.);
#4687 = EDGE_CURVE('',#4680,#4664,#4688,.T.);
#4688 = LINE('',#4689,#4690);
#4689 = CARTESIAN_POINT('',(-6.200396726603,-17.5,4.2));
#4690 = VECTOR('',#4691,1.);
#4691 = DIRECTION('',(-1.,-1.11E-15,0.));
#4692 = PLANE('',#4693);
#4693 = AXIS2_PLACEMENT_3D('',#4694,#4695,#4696);
#4694 = CARTESIAN_POINT('',(0.299603273397,-17.5,3.1));
#4695 = DIRECTION('',(0.,1.,6.3E-16));
#4696 = DIRECTION('',(0.,-6.3E-16,1.));
#4697 = ADVANCED_FACE('',(#4698),#4715,.F.);
#4698 = FACE_BOUND('',#4699,.F.);
#4699 = EDGE_LOOP('',(#4700,#4708,#4709));
#4700 = ORIENTED_EDGE('',*,*,#4701,.F.);
#4701 = EDGE_CURVE('',#4664,#4702,#4704,.T.);
#4702 = VERTEX_POINT('',#4703);
#4703 = CARTESIAN_POINT('',(-3.700396726603,-15.,4.2));
#4704 = LINE('',#4705,#4706);
#4705 = CARTESIAN_POINT('',(-3.700396726603,-46.,4.2));
#4706 = VECTOR('',#4707,1.);
#4707 = DIRECTION('',(0.,1.,0.));
#4708 = ORIENTED_EDGE('',*,*,#4661,.F.);
#4709 = ORIENTED_EDGE('',*,*,#4710,.T.);
#4710 = EDGE_CURVE('',#4662,#4702,#4711,.T.);
#4711 = LINE('',#4712,#4713);
#4712 = CARTESIAN_POINT('',(-3.700396726603,-17.5,1.3348));
#4713 = VECTOR('',#4714,1.);
#4714 = DIRECTION('',(0.,0.657453902439,0.753494768507));
#4715 = PLANE('',#4716);
#4716 = AXIS2_PLACEMENT_3D('',#4717,#4718,#4719);
#4717 = CARTESIAN_POINT('',(-3.700396726603,-30.89066300829,
    2.82152757892));
#4718 = DIRECTION('',(1.,0.,0.));
#4719 = DIRECTION('',(0.,0.,1.));
#4720 = ADVANCED_FACE('',(#4721),#4739,.T.);
#4721 = FACE_BOUND('',#4722,.T.);
#4722 = EDGE_LOOP('',(#4723,#4724,#4725,#4733));
#4723 = ORIENTED_EDGE('',*,*,#4701,.F.);
#4724 = ORIENTED_EDGE('',*,*,#4687,.F.);
#4725 = ORIENTED_EDGE('',*,*,#4726,.T.);
#4726 = EDGE_CURVE('',#4680,#4727,#4729,.T.);
#4727 = VERTEX_POINT('',#4728);
#4728 = CARTESIAN_POINT('',(4.299603273397,-15.,4.2));
#4729 = LINE('',#4730,#4731);
#4730 = CARTESIAN_POINT('',(4.299603273397,-46.,4.2));
#4731 = VECTOR('',#4732,1.);
#4732 = DIRECTION('',(0.,1.,0.));
#4733 = ORIENTED_EDGE('',*,*,#4734,.F.);
#4734 = EDGE_CURVE('',#4702,#4727,#4735,.T.);
#4735 = LINE('',#4736,#4737);
#4736 = CARTESIAN_POINT('',(-3.700396726603,-15.,4.2));
#4737 = VECTOR('',#4738,1.);
#4738 = DIRECTION('',(1.,-2.2E-16,0.));
#4739 = PLANE('',#4740);
#4740 = AXIS2_PLACEMENT_3D('',#4741,#4742,#4743);
#4741 = CARTESIAN_POINT('',(-3.700396726603,-46.,4.2));
#4742 = DIRECTION('',(0.,2.2E-16,1.));
#4743 = DIRECTION('',(0.,1.,-2.2E-16));
#4744 = ADVANCED_FACE('',(#4745),#4755,.T.);
#4745 = FACE_BOUND('',#4746,.T.);
#4746 = EDGE_LOOP('',(#4747,#4748,#4749));
#4747 = ORIENTED_EDGE('',*,*,#4726,.F.);
#4748 = ORIENTED_EDGE('',*,*,#4679,.F.);
#4749 = ORIENTED_EDGE('',*,*,#4750,.T.);
#4750 = EDGE_CURVE('',#4672,#4727,#4751,.T.);
#4751 = LINE('',#4752,#4753);
#4752 = CARTESIAN_POINT('',(4.299603273397,-17.5,1.3348));
#4753 = VECTOR('',#4754,1.);
#4754 = DIRECTION('',(0.,0.657453902439,0.753494768507));
#4755 = PLANE('',#4756);
#4756 = AXIS2_PLACEMENT_3D('',#4757,#4758,#4759);
#4757 = CARTESIAN_POINT('',(4.299603273397,-30.89066300829,2.82152757892
    ));
#4758 = DIRECTION('',(1.,0.,0.));
#4759 = DIRECTION('',(0.,0.,1.));
#4760 = ADVANCED_FACE('',(#4761),#4767,.F.);
#4761 = FACE_BOUND('',#4762,.F.);
#4762 = EDGE_LOOP('',(#4763,#4764,#4765,#4766));
#4763 = ORIENTED_EDGE('',*,*,#4671,.T.);
#4764 = ORIENTED_EDGE('',*,*,#4750,.T.);
#4765 = ORIENTED_EDGE('',*,*,#4734,.F.);
#4766 = ORIENTED_EDGE('',*,*,#4710,.F.);
#4767 = PLANE('',#4768);
#4768 = AXIS2_PLACEMENT_3D('',#4769,#4770,#4771);
#4769 = CARTESIAN_POINT('',(-3.700396726603,-17.5,1.3348));
#4770 = DIRECTION('',(-1.7E-16,-0.753494768507,0.657453902439));
#4771 = DIRECTION('',(-1.7E-16,0.657453902439,0.753494768507));
#4772 = ADVANCED_FACE('',(#4773),#4789,.T.);
#4773 = FACE_BOUND('',#4774,.T.);
#4774 = EDGE_LOOP('',(#4775,#4776,#4782,#4783));
#4775 = ORIENTED_EDGE('',*,*,#1317,.T.);
#4776 = ORIENTED_EDGE('',*,*,#4777,.T.);
#4777 = EDGE_CURVE('',#1237,#3032,#4778,.T.);
#4778 = LINE('',#4779,#4780);
#4779 = CARTESIAN_POINT('',(-24.7003967266,6.894291116569,
    67.626524163602));
#4780 = VECTOR('',#4781,1.);
#4781 = DIRECTION('',(1.,-2.3E-16,2.3E-16));
#4782 = ORIENTED_EDGE('',*,*,#3074,.F.);
#4783 = ORIENTED_EDGE('',*,*,#4784,.F.);
#4784 = EDGE_CURVE('',#1215,#3065,#4785,.T.);
#4785 = LINE('',#4786,#4787);
#4786 = CARTESIAN_POINT('',(-8.700396726603,5.126524163602,
    69.394291116569));
#4787 = VECTOR('',#4788,1.);
#4788 = DIRECTION('',(1.,-2.3E-16,2.3E-16));
#4789 = PLANE('',#4790);
#4790 = AXIS2_PLACEMENT_3D('',#4791,#4792,#4793);
#4791 = CARTESIAN_POINT('',(-8.700396726603,6.010407640086,
    68.510407640086));
#4792 = DIRECTION('',(2.3E-16,-0.707106781187,-0.707106781187));
#4793 = DIRECTION('',(0.,-0.707106781187,0.707106781187));
#4794 = ADVANCED_FACE('',(#4795),#4811,.T.);
#4795 = FACE_BOUND('',#4796,.T.);
#4796 = EDGE_LOOP('',(#4797,#4798,#4804,#4805));
#4797 = ORIENTED_EDGE('',*,*,#3105,.T.);
#4798 = ORIENTED_EDGE('',*,*,#4799,.T.);
#4799 = EDGE_CURVE('',#3034,#512,#4800,.T.);
#4800 = LINE('',#4801,#4802);
#4801 = CARTESIAN_POINT('',(-8.700396726603,6.894291116569,
    67.626524163602));
#4802 = VECTOR('',#4803,1.);
#4803 = DIRECTION('',(1.,-2.3E-16,2.3E-16));
#4804 = ORIENTED_EDGE('',*,*,#545,.F.);
#4805 = ORIENTED_EDGE('',*,*,#4806,.F.);
#4806 = EDGE_CURVE('',#3106,#538,#4807,.T.);
#4807 = LINE('',#4808,#4809);
#4808 = CARTESIAN_POINT('',(9.299603273397,5.126524163602,
    69.394291116569));
#4809 = VECTOR('',#4810,1.);
#4810 = DIRECTION('',(1.,-2.3E-16,2.3E-16));
#4811 = PLANE('',#4812);
#4812 = AXIS2_PLACEMENT_3D('',#4813,#4814,#4815);
#4813 = CARTESIAN_POINT('',(9.299603273397,6.010407640086,
    68.510407640086));
#4814 = DIRECTION('',(2.5E-16,-0.707106781187,-0.707106781187));
#4815 = DIRECTION('',(0.,-0.707106781187,0.707106781187));
#4816 = ADVANCED_FACE('',(#4817),#4834,.T.);
#4817 = FACE_BOUND('',#4818,.T.);
#4818 = EDGE_LOOP('',(#4819,#4820,#4821,#4822,#4823,#4824,#4825,#4826,
    #4827,#4833));
#4819 = ORIENTED_EDGE('',*,*,#1270,.T.);
#4820 = ORIENTED_EDGE('',*,*,#1222,.T.);
#4821 = ORIENTED_EDGE('',*,*,#4784,.T.);
#4822 = ORIENTED_EDGE('',*,*,#3170,.T.);
#4823 = ORIENTED_EDGE('',*,*,#4806,.T.);
#4824 = ORIENTED_EDGE('',*,*,#581,.T.);
#4825 = ORIENTED_EDGE('',*,*,#595,.T.);
#4826 = ORIENTED_EDGE('',*,*,#626,.T.);
#4827 = ORIENTED_EDGE('',*,*,#4828,.F.);
#4828 = EDGE_CURVE('',#1350,#627,#4829,.T.);
#4829 = LINE('',#4830,#4831);
#4830 = CARTESIAN_POINT('',(9.299603273397,4.772970773009,
    71.162058069535));
#4831 = VECTOR('',#4832,1.);
#4832 = DIRECTION('',(1.,-2.3E-16,2.3E-16));
#4833 = ORIENTED_EDGE('',*,*,#1349,.F.);
#4834 = PLANE('',#4835);
#4835 = AXIS2_PLACEMENT_3D('',#4836,#4837,#4838);
#4836 = CARTESIAN_POINT('',(0.299603273397,4.949747468306,
    70.278174593052));
#4837 = DIRECTION('',(-0.,-0.980580675691,-0.196116135138));
#4838 = DIRECTION('',(0.,0.196116135138,-0.980580675691));
#4839 = ADVANCED_FACE('',(#4840),#4857,.T.);
#4840 = FACE_BOUND('',#4841,.T.);
#4841 = EDGE_LOOP('',(#4842,#4848,#4849,#4850,#4851,#4852,#4853,#4854,
    #4855,#4856));
#4842 = ORIENTED_EDGE('',*,*,#4843,.T.);
#4843 = EDGE_CURVE('',#1359,#636,#4844,.T.);
#4844 = LINE('',#4845,#4846);
#4845 = CARTESIAN_POINT('',(-24.7003967266,8.662058069535,
    67.272970773009));
#4846 = VECTOR('',#4847,1.);
#4847 = DIRECTION('',(1.,-2.3E-16,2.3E-16));
#4848 = ORIENTED_EDGE('',*,*,#635,.T.);
#4849 = ORIENTED_EDGE('',*,*,#604,.F.);
#4850 = ORIENTED_EDGE('',*,*,#511,.F.);
#4851 = ORIENTED_EDGE('',*,*,#4799,.F.);
#4852 = ORIENTED_EDGE('',*,*,#3031,.F.);
#4853 = ORIENTED_EDGE('',*,*,#4777,.F.);
#4854 = ORIENTED_EDGE('',*,*,#1236,.F.);
#4855 = ORIENTED_EDGE('',*,*,#1286,.F.);
#4856 = ORIENTED_EDGE('',*,*,#1358,.F.);
#4857 = PLANE('',#4858);
#4858 = AXIS2_PLACEMENT_3D('',#4859,#4860,#4861);
#4859 = CARTESIAN_POINT('',(0.299603273397,7.778174593052,
    67.449747468306));
#4860 = DIRECTION('',(-0.,-0.196116135138,-0.980580675691));
#4861 = DIRECTION('',(0.,-0.980580675691,0.196116135138));
#4862 = ADVANCED_FACE('',(#4863),#4874,.T.);
#4863 = FACE_BOUND('',#4864,.T.);
#4864 = EDGE_LOOP('',(#4865,#4866,#4867,#4873));
#4865 = ORIENTED_EDGE('',*,*,#4828,.T.);
#4866 = ORIENTED_EDGE('',*,*,#675,.T.);
#4867 = ORIENTED_EDGE('',*,*,#4868,.F.);
#4868 = EDGE_CURVE('',#1391,#668,#4869,.T.);
#4869 = LINE('',#4870,#4871);
#4870 = CARTESIAN_POINT('',(9.299603273397,9.192388155425,
    75.227922061358));
#4871 = VECTOR('',#4872,1.);
#4872 = DIRECTION('',(1.,-2.3E-16,2.3E-16));
#4873 = ORIENTED_EDGE('',*,*,#1398,.F.);
#4874 = PLANE('',#4875);
#4875 = AXIS2_PLACEMENT_3D('',#4876,#4877,#4878);
#4876 = CARTESIAN_POINT('',(0.299603273397,6.982679464217,
    73.194990065447));
#4877 = DIRECTION('',(-1.5E-16,-0.677056530821,0.735931011762));
#4878 = DIRECTION('',(0.,0.735931011762,0.677056530821));
#4879 = ADVANCED_FACE('',(#4880),#4891,.T.);
#4880 = FACE_BOUND('',#4881,.T.);
#4881 = EDGE_LOOP('',(#4882,#4888,#4889,#4890));
#4882 = ORIENTED_EDGE('',*,*,#4883,.T.);
#4883 = EDGE_CURVE('',#1367,#644,#4884,.T.);
#4884 = LINE('',#4885,#4886);
#4885 = CARTESIAN_POINT('',(-24.7003967266,12.727922061358,
    71.692388155425));
#4886 = VECTOR('',#4887,1.);
#4887 = DIRECTION('',(1.,-2.3E-16,2.3E-16));
#4888 = ORIENTED_EDGE('',*,*,#643,.T.);
#4889 = ORIENTED_EDGE('',*,*,#4843,.F.);
#4890 = ORIENTED_EDGE('',*,*,#1366,.F.);
#4891 = PLANE('',#4892);
#4892 = AXIS2_PLACEMENT_3D('',#4893,#4894,#4895);
#4893 = CARTESIAN_POINT('',(0.299603273397,10.694990065447,
    69.482679464217));
#4894 = DIRECTION('',(0.,0.735931011762,-0.677056530821));
#4895 = DIRECTION('',(0.,0.677056530821,0.735931011762));
#4896 = ADVANCED_FACE('',(#4897),#4908,.T.);
#4897 = FACE_BOUND('',#4898,.T.);
#4898 = EDGE_LOOP('',(#4899,#4900,#4901,#4907));
#4899 = ORIENTED_EDGE('',*,*,#4868,.T.);
#4900 = ORIENTED_EDGE('',*,*,#667,.T.);
#4901 = ORIENTED_EDGE('',*,*,#4902,.F.);
#4902 = EDGE_CURVE('',#1383,#660,#4903,.T.);
#4903 = LINE('',#4904,#4905);
#4904 = CARTESIAN_POINT('',(9.299603273397,10.606601717798,
    75.227922061358));
#4905 = VECTOR('',#4906,1.);
#4906 = DIRECTION('',(1.,-2.3E-16,2.3E-16));
#4907 = ORIENTED_EDGE('',*,*,#1390,.F.);
#4908 = PLANE('',#4909);
#4909 = AXIS2_PLACEMENT_3D('',#4910,#4911,#4912);
#4910 = CARTESIAN_POINT('',(0.299603273397,9.899494936612,
    75.227922061358));
#4911 = DIRECTION('',(0.,1.56E-15,1.));
#4912 = DIRECTION('',(0.,1.,-1.56E-15));
#4913 = ADVANCED_FACE('',(#4914),#4925,.T.);
#4914 = FACE_BOUND('',#4915,.T.);
#4915 = EDGE_LOOP('',(#4916,#4917,#4918,#4924));
#4916 = ORIENTED_EDGE('',*,*,#4902,.T.);
#4917 = ORIENTED_EDGE('',*,*,#659,.T.);
#4918 = ORIENTED_EDGE('',*,*,#4919,.F.);
#4919 = EDGE_CURVE('',#1375,#652,#4920,.T.);
#4920 = LINE('',#4921,#4922);
#4921 = CARTESIAN_POINT('',(9.299603273397,12.727922061358,
    73.106601717798));
#4922 = VECTOR('',#4923,1.);
#4923 = DIRECTION('',(1.,-2.3E-16,2.3E-16));
#4924 = ORIENTED_EDGE('',*,*,#1382,.F.);
#4925 = PLANE('',#4926);
#4926 = AXIS2_PLACEMENT_3D('',#4927,#4928,#4929);
#4927 = CARTESIAN_POINT('',(0.299603273397,11.667261889578,
    74.167261889578));
#4928 = DIRECTION('',(0.,0.707106781187,0.707106781187));
#4929 = DIRECTION('',(0.,-0.707106781187,0.707106781187));
#4930 = ADVANCED_FACE('',(#4931),#4937,.T.);
#4931 = FACE_BOUND('',#4932,.T.);
#4932 = EDGE_LOOP('',(#4933,#4934,#4935,#4936));
#4933 = ORIENTED_EDGE('',*,*,#4919,.T.);
#4934 = ORIENTED_EDGE('',*,*,#651,.T.);
#4935 = ORIENTED_EDGE('',*,*,#4883,.F.);
#4936 = ORIENTED_EDGE('',*,*,#1374,.F.);
#4937 = PLANE('',#4938);
#4938 = AXIS2_PLACEMENT_3D('',#4939,#4940,#4941);
#4939 = CARTESIAN_POINT('',(0.299603273397,12.727922061358,
    72.399494936612));
#4940 = DIRECTION('',(0.,1.,0.));
#4941 = DIRECTION('',(0.,0.,1.));
#4942 = ADVANCED_FACE('',(#4943),#4949,.T.);
#4943 = FACE_BOUND('',#4944,.F.);
#4944 = EDGE_LOOP('',(#4945,#4946,#4947,#4948));
#4945 = ORIENTED_EDGE('',*,*,#2847,.F.);
#4946 = ORIENTED_EDGE('',*,*,#844,.F.);
#4947 = ORIENTED_EDGE('',*,*,#2901,.T.);
#4948 = ORIENTED_EDGE('',*,*,#185,.T.);
#4949 = CYLINDRICAL_SURFACE('',#4950,1.5);
#4950 = AXIS2_PLACEMENT_3D('',#4951,#4952,#4953);
#4951 = CARTESIAN_POINT('',(-26.7003967266,-21.,64.2));
#4952 = DIRECTION('',(-1.,4.4E-16,1.1E-16));
#4953 = DIRECTION('',(4.4E-16,1.,-1.22E-15));
#4954 = ADVANCED_FACE('',(#4955),#4966,.F.);
#4955 = FACE_BOUND('',#4956,.T.);
#4956 = EDGE_LOOP('',(#4957,#4958,#4959,#4965));
#4957 = ORIENTED_EDGE('',*,*,#2926,.T.);
#4958 = ORIENTED_EDGE('',*,*,#3233,.F.);
#4959 = ORIENTED_EDGE('',*,*,#4960,.F.);
#4960 = EDGE_CURVE('',#1178,#3225,#4961,.T.);
#4961 = LINE('',#4962,#4963);
#4962 = CARTESIAN_POINT('',(-8.700396726603,-4.25,68.062148865322));
#4963 = VECTOR('',#4964,1.);
#4964 = DIRECTION('',(1.,-6.7E-16,-3.3E-16));
#4965 = ORIENTED_EDGE('',*,*,#1177,.T.);
#4966 = CYLINDRICAL_SURFACE('',#4967,7.);
#4967 = AXIS2_PLACEMENT_3D('',#4968,#4969,#4970);
#4968 = CARTESIAN_POINT('',(-26.7003967266,-8.5,73.624297730644));
#4969 = DIRECTION('',(-1.,4.4E-16,1.1E-16));
#4970 = DIRECTION('',(4.4E-16,1.,-1.22E-15));
#4971 = ADVANCED_FACE('',(#4972),#4983,.F.);
#4972 = FACE_BOUND('',#4973,.T.);
#4973 = EDGE_LOOP('',(#4974,#4975,#4976,#4982));
#4974 = ORIENTED_EDGE('',*,*,#2910,.T.);
#4975 = ORIENTED_EDGE('',*,*,#455,.F.);
#4976 = ORIENTED_EDGE('',*,*,#4977,.F.);
#4977 = EDGE_CURVE('',#3268,#447,#4978,.T.);
#4978 = LINE('',#4979,#4980);
#4979 = CARTESIAN_POINT('',(9.299603273397,-4.25,68.062148865322));
#4980 = VECTOR('',#4981,1.);
#4981 = DIRECTION('',(1.,-6.7E-16,-3.3E-16));
#4982 = ORIENTED_EDGE('',*,*,#3267,.T.);
#4983 = CYLINDRICAL_SURFACE('',#4984,7.);
#4984 = AXIS2_PLACEMENT_3D('',#4985,#4986,#4987);
#4985 = CARTESIAN_POINT('',(-8.700396726603,-8.5,73.624297730644));
#4986 = DIRECTION('',(-1.,4.4E-16,1.1E-16));
#4987 = DIRECTION('',(4.4E-16,1.,-1.22E-15));
#4988 = ADVANCED_FACE('',(#4989),#5002,.T.);
#4989 = FACE_BOUND('',#4990,.F.);
#4990 = EDGE_LOOP('',(#4991,#4992,#4993,#4994,#4995,#4996));
#4991 = ORIENTED_EDGE('',*,*,#3090,.F.);
#4992 = ORIENTED_EDGE('',*,*,#3224,.F.);
#4993 = ORIENTED_EDGE('',*,*,#4960,.F.);
#4994 = ORIENTED_EDGE('',*,*,#1186,.T.);
#4995 = ORIENTED_EDGE('',*,*,#1324,.T.);
#4996 = ORIENTED_EDGE('',*,*,#4997,.T.);
#4997 = EDGE_CURVE('',#1325,#3082,#4998,.T.);
#4998 = LINE('',#4999,#5000);
#4999 = CARTESIAN_POINT('',(-8.700396726603,4.25,68.062148865322));
#5000 = VECTOR('',#5001,1.);
#5001 = DIRECTION('',(1.,-6.7E-16,-3.3E-16));
#5002 = CYLINDRICAL_SURFACE('',#5003,7.);
#5003 = AXIS2_PLACEMENT_3D('',#5004,#5005,#5006);
#5004 = CARTESIAN_POINT('',(-26.7003967266,-4.258E-14,62.5));
#5005 = DIRECTION('',(-1.,4.4E-16,1.1E-16));
#5006 = DIRECTION('',(4.4E-16,1.,-1.22E-15));
#5007 = ADVANCED_FACE('',(#5008),#5021,.T.);
#5008 = FACE_BOUND('',#5009,.F.);
#5009 = EDGE_LOOP('',(#5010,#5011,#5012,#5013,#5014,#5015));
#5010 = ORIENTED_EDGE('',*,*,#561,.F.);
#5011 = ORIENTED_EDGE('',*,*,#446,.F.);
#5012 = ORIENTED_EDGE('',*,*,#4977,.F.);
#5013 = ORIENTED_EDGE('',*,*,#3276,.T.);
#5014 = ORIENTED_EDGE('',*,*,#3121,.T.);
#5015 = ORIENTED_EDGE('',*,*,#5016,.T.);
#5016 = EDGE_CURVE('',#3122,#553,#5017,.T.);
#5017 = LINE('',#5018,#5019);
#5018 = CARTESIAN_POINT('',(9.299603273397,4.25,68.062148865322));
#5019 = VECTOR('',#5020,1.);
#5020 = DIRECTION('',(1.,-6.7E-16,-3.3E-16));
#5021 = CYLINDRICAL_SURFACE('',#5022,7.);
#5022 = AXIS2_PLACEMENT_3D('',#5023,#5024,#5025);
#5023 = CARTESIAN_POINT('',(-8.700396726603,-4.258E-14,62.5));
#5024 = DIRECTION('',(-1.,4.4E-16,1.1E-16));
#5025 = DIRECTION('',(4.4E-16,1.,-1.22E-15));
#5026 = ADVANCED_FACE('',(#5027),#5035,.F.);
#5027 = FACE_BOUND('',#5028,.T.);
#5028 = EDGE_LOOP('',(#5029,#5030,#5031,#5032,#5033,#5034));
#5029 = ORIENTED_EDGE('',*,*,#4997,.T.);
#5030 = ORIENTED_EDGE('',*,*,#3081,.F.);
#5031 = ORIENTED_EDGE('',*,*,#2984,.F.);
#5032 = ORIENTED_EDGE('',*,*,#3295,.F.);
#5033 = ORIENTED_EDGE('',*,*,#1302,.T.);
#5034 = ORIENTED_EDGE('',*,*,#1333,.T.);
#5035 = CYLINDRICAL_SURFACE('',#5036,7.);
#5036 = AXIS2_PLACEMENT_3D('',#5037,#5038,#5039);
#5037 = CARTESIAN_POINT('',(-26.7003967266,8.5,73.624297730644));
#5038 = DIRECTION('',(-1.,4.4E-16,1.1E-16));
#5039 = DIRECTION('',(4.4E-16,1.,-1.22E-15));
#5040 = ADVANCED_FACE('',(#5041),#5049,.F.);
#5041 = FACE_BOUND('',#5042,.T.);
#5042 = EDGE_LOOP('',(#5043,#5044,#5045,#5046,#5047,#5048));
#5043 = ORIENTED_EDGE('',*,*,#5016,.T.);
#5044 = ORIENTED_EDGE('',*,*,#552,.F.);
#5045 = ORIENTED_EDGE('',*,*,#488,.F.);
#5046 = ORIENTED_EDGE('',*,*,#3302,.F.);
#5047 = ORIENTED_EDGE('',*,*,#3016,.T.);
#5048 = ORIENTED_EDGE('',*,*,#3130,.T.);
#5049 = CYLINDRICAL_SURFACE('',#5050,7.);
#5050 = AXIS2_PLACEMENT_3D('',#5051,#5052,#5053);
#5051 = CARTESIAN_POINT('',(-8.700396726603,8.5,73.624297730644));
#5052 = DIRECTION('',(-1.,4.4E-16,1.1E-16));
#5053 = DIRECTION('',(4.4E-16,1.,-1.22E-15));
#5054 = ADVANCED_FACE('',(#5055),#5061,.T.);
#5055 = FACE_BOUND('',#5056,.F.);
#5056 = EDGE_LOOP('',(#5057,#5058,#5059,#5060));
#5057 = ORIENTED_EDGE('',*,*,#3311,.F.);
#5058 = ORIENTED_EDGE('',*,*,#896,.F.);
#5059 = ORIENTED_EDGE('',*,*,#3326,.T.);
#5060 = ORIENTED_EDGE('',*,*,#237,.T.);
#5061 = CYLINDRICAL_SURFACE('',#5062,1.5);
#5062 = AXIS2_PLACEMENT_3D('',#5063,#5064,#5065);
#5063 = CARTESIAN_POINT('',(-26.7003967266,21.,64.2));
#5064 = DIRECTION('',(-1.,4.4E-16,1.1E-16));
#5065 = DIRECTION('',(4.4E-16,1.,-1.22E-15));
#5066 = ( GEOMETRIC_REPRESENTATION_CONTEXT(3) 
GLOBAL_UNCERTAINTY_ASSIGNED_CONTEXT((#5070)) 
GLOBAL_UNIT_ASSIGNED_CONTEXT((#5067,#5068,#5069)) REPRESENTATION_CONTEXT
('Context #1','3D Context with UNIT and UNCERTAINTY') );
#5067 = ( LENGTH_UNIT() NAMED_UNIT(*) SI_UNIT(.MILLI.,.METRE.) );
#5068 = ( NAMED_UNIT(*) PLANE_ANGLE_UNIT() SI_UNIT($,.RADIAN.) );
#5069 = ( NAMED_UNIT(*) SI_UNIT($,.STERADIAN.) SOLID_ANGLE_UNIT() );
#5070 = UNCERTAINTY_MEASURE_WITH_UNIT(LENGTH_MEASURE(2.E-05),#5067,
  'distance_accuracy_value','confusion accuracy');
#5071 = PRODUCT_RELATED_PRODUCT_CATEGORY('part',$,(#7));
#5072 = MECHANICAL_DESIGN_GEOMETRIC_PRESENTATION_REPRESENTATION('',(
    #5073,#5084,#5092,#5099,#5106,#5113,#5120,#5127,#5134,#5141,#5148,
    #5155,#5162,#5169,#5176,#5183,#5191,#5198,#5205,#5212,#5219,#5226,
    #5233,#5240,#5247,#5254,#5261,#5268,#5275,#5282,#5289,#5296,#5303,
    #5310,#5317,#5324,#5331,#5338,#5345,#5352,#5359,#5366,#5373,#5380,
    #5387,#5394,#5401,#5408,#5415,#5422,#5429,#5436,#5443,#5450,#5457,
    #5464,#5471),#5066);
#5073 = STYLED_ITEM('color',(#5074),#15);
#5074 = PRESENTATION_STYLE_ASSIGNMENT((#5075,#5081));
#5075 = SURFACE_STYLE_USAGE(.BOTH.,#5076);
#5076 = SURFACE_SIDE_STYLE('',(#5077));
#5077 = SURFACE_STYLE_FILL_AREA(#5078);
#5078 = FILL_AREA_STYLE('',(#5079));
#5079 = FILL_AREA_STYLE_COLOUR('',#5080);
#5080 = COLOUR_RGB('',0.800000010877,0.800000010877,0.901960800373);
#5081 = CURVE_STYLE('',#5082,POSITIVE_LENGTH_MEASURE(0.1),#5083);
#5082 = DRAUGHTING_PRE_DEFINED_CURVE_FONT('continuous');
#5083 = COLOUR_RGB('',9.803921802644E-02,9.803921802644E-02,
  9.803921802644E-02);
#5084 = OVER_RIDING_STYLED_ITEM('overriding color',(#5085),#392,#5073);
#5085 = PRESENTATION_STYLE_ASSIGNMENT((#5086));
#5086 = SURFACE_STYLE_USAGE(.BOTH.,#5087);
#5087 = SURFACE_SIDE_STYLE('',(#5088));
#5088 = SURFACE_STYLE_FILL_AREA(#5089);
#5089 = FILL_AREA_STYLE('',(#5090));
#5090 = FILL_AREA_STYLE_COLOUR('',#5091);
#5091 = COLOUR_RGB('',0.125490201081,0.125490201081,0.125490201081);
#5092 = OVER_RIDING_STYLED_ITEM('overriding color',(#5093),#466,#5073);
#5093 = PRESENTATION_STYLE_ASSIGNMENT((#5094));
#5094 = SURFACE_STYLE_USAGE(.BOTH.,#5095);
#5095 = SURFACE_SIDE_STYLE('',(#5096));
#5096 = SURFACE_STYLE_FILL_AREA(#5097);
#5097 = FILL_AREA_STYLE('',(#5098));
#5098 = FILL_AREA_STYLE_COLOUR('',#5091);
#5099 = OVER_RIDING_STYLED_ITEM('overriding color',(#5100),#507,#5073);
#5100 = PRESENTATION_STYLE_ASSIGNMENT((#5101));
#5101 = SURFACE_STYLE_USAGE(.BOTH.,#5102);
#5102 = SURFACE_SIDE_STYLE('',(#5103));
#5103 = SURFACE_STYLE_FILL_AREA(#5104);
#5104 = FILL_AREA_STYLE('',(#5105));
#5105 = FILL_AREA_STYLE_COLOUR('',#5091);
#5106 = OVER_RIDING_STYLED_ITEM('overriding color',(#5107),#533,#5073);
#5107 = PRESENTATION_STYLE_ASSIGNMENT((#5108));
#5108 = SURFACE_STYLE_USAGE(.BOTH.,#5109);
#5109 = SURFACE_SIDE_STYLE('',(#5110));
#5110 = SURFACE_STYLE_FILL_AREA(#5111);
#5111 = FILL_AREA_STYLE('',(#5112));
#5112 = FILL_AREA_STYLE_COLOUR('',#5091);
#5113 = OVER_RIDING_STYLED_ITEM('overriding color',(#5114),#572,#5073);
#5114 = PRESENTATION_STYLE_ASSIGNMENT((#5115));
#5115 = SURFACE_STYLE_USAGE(.BOTH.,#5116);
#5116 = SURFACE_SIDE_STYLE('',(#5117));
#5117 = SURFACE_STYLE_FILL_AREA(#5118);
#5118 = FILL_AREA_STYLE('',(#5119));
#5119 = FILL_AREA_STYLE_COLOUR('',#5091);
#5120 = OVER_RIDING_STYLED_ITEM('overriding color',(#5121),#591,#5073);
#5121 = PRESENTATION_STYLE_ASSIGNMENT((#5122));
#5122 = SURFACE_STYLE_USAGE(.BOTH.,#5123);
#5123 = SURFACE_SIDE_STYLE('',(#5124));
#5124 = SURFACE_STYLE_FILL_AREA(#5125);
#5125 = FILL_AREA_STYLE('',(#5126));
#5126 = FILL_AREA_STYLE_COLOUR('',#5091);
#5127 = OVER_RIDING_STYLED_ITEM('overriding color',(#5128),#622,#5073);
#5128 = PRESENTATION_STYLE_ASSIGNMENT((#5129));
#5129 = SURFACE_STYLE_USAGE(.BOTH.,#5130);
#5130 = SURFACE_SIDE_STYLE('',(#5131));
#5131 = SURFACE_STYLE_FILL_AREA(#5132);
#5132 = FILL_AREA_STYLE('',(#5133));
#5133 = FILL_AREA_STYLE_COLOUR('',#5091);
#5134 = OVER_RIDING_STYLED_ITEM('overriding color',(#5135),#1061,#5073);
#5135 = PRESENTATION_STYLE_ASSIGNMENT((#5136));
#5136 = SURFACE_STYLE_USAGE(.BOTH.,#5137);
#5137 = SURFACE_SIDE_STYLE('',(#5138));
#5138 = SURFACE_STYLE_FILL_AREA(#5139);
#5139 = FILL_AREA_STYLE('',(#5140));
#5140 = FILL_AREA_STYLE_COLOUR('',#5091);
#5141 = OVER_RIDING_STYLED_ITEM('overriding color',(#5142),#1147,#5073);
#5142 = PRESENTATION_STYLE_ASSIGNMENT((#5143));
#5143 = SURFACE_STYLE_USAGE(.BOTH.,#5144);
#5144 = SURFACE_SIDE_STYLE('',(#5145));
#5145 = SURFACE_STYLE_FILL_AREA(#5146);
#5146 = FILL_AREA_STYLE('',(#5147));
#5147 = FILL_AREA_STYLE_COLOUR('',#5091);
#5148 = OVER_RIDING_STYLED_ITEM('overriding color',(#5149),#1206,#5073);
#5149 = PRESENTATION_STYLE_ASSIGNMENT((#5150));
#5150 = SURFACE_STYLE_USAGE(.BOTH.,#5151);
#5151 = SURFACE_SIDE_STYLE('',(#5152));
#5152 = SURFACE_STYLE_FILL_AREA(#5153);
#5153 = FILL_AREA_STYLE('',(#5154));
#5154 = FILL_AREA_STYLE_COLOUR('',#5091);
#5155 = OVER_RIDING_STYLED_ITEM('overriding color',(#5156),#1232,#5073);
#5156 = PRESENTATION_STYLE_ASSIGNMENT((#5157));
#5157 = SURFACE_STYLE_USAGE(.BOTH.,#5158);
#5158 = SURFACE_SIDE_STYLE('',(#5159));
#5159 = SURFACE_STYLE_FILL_AREA(#5160);
#5160 = FILL_AREA_STYLE('',(#5161));
#5161 = FILL_AREA_STYLE_COLOUR('',#5091);
#5162 = OVER_RIDING_STYLED_ITEM('overriding color',(#5163),#1265,#5073);
#5163 = PRESENTATION_STYLE_ASSIGNMENT((#5164));
#5164 = SURFACE_STYLE_USAGE(.BOTH.,#5165);
#5165 = SURFACE_SIDE_STYLE('',(#5166));
#5166 = SURFACE_STYLE_FILL_AREA(#5167);
#5167 = FILL_AREA_STYLE('',(#5168));
#5168 = FILL_AREA_STYLE_COLOUR('',#5091);
#5169 = OVER_RIDING_STYLED_ITEM('overriding color',(#5170),#1313,#5073);
#5170 = PRESENTATION_STYLE_ASSIGNMENT((#5171));
#5171 = SURFACE_STYLE_USAGE(.BOTH.,#5172);
#5172 = SURFACE_SIDE_STYLE('',(#5173));
#5173 = SURFACE_STYLE_FILL_AREA(#5174);
#5174 = FILL_AREA_STYLE('',(#5175));
#5175 = FILL_AREA_STYLE_COLOUR('',#5091);
#5176 = OVER_RIDING_STYLED_ITEM('overriding color',(#5177),#1345,#5073);
#5177 = PRESENTATION_STYLE_ASSIGNMENT((#5178));
#5178 = SURFACE_STYLE_USAGE(.BOTH.,#5179);
#5179 = SURFACE_SIDE_STYLE('',(#5180));
#5180 = SURFACE_STYLE_FILL_AREA(#5181);
#5181 = FILL_AREA_STYLE('',(#5182));
#5182 = FILL_AREA_STYLE_COLOUR('',#5091);
#5183 = OVER_RIDING_STYLED_ITEM('overriding color',(#5184),#2564,#5073);
#5184 = PRESENTATION_STYLE_ASSIGNMENT((#5185));
#5185 = SURFACE_STYLE_USAGE(.BOTH.,#5186);
#5186 = SURFACE_SIDE_STYLE('',(#5187));
#5187 = SURFACE_STYLE_FILL_AREA(#5188);
#5188 = FILL_AREA_STYLE('',(#5189));
#5189 = FILL_AREA_STYLE_COLOUR('',#5190);
#5190 = COLOUR_RGB('',0.313725504135,0.313725504135,0.313725504135);
#5191 = OVER_RIDING_STYLED_ITEM('overriding color',(#5192),#2595,#5073);
#5192 = PRESENTATION_STYLE_ASSIGNMENT((#5193));
#5193 = SURFACE_STYLE_USAGE(.BOTH.,#5194);
#5194 = SURFACE_SIDE_STYLE('',(#5195));
#5195 = SURFACE_STYLE_FILL_AREA(#5196);
#5196 = FILL_AREA_STYLE('',(#5197));
#5197 = FILL_AREA_STYLE_COLOUR('',#5190);
#5198 = OVER_RIDING_STYLED_ITEM('overriding color',(#5199),#2661,#5073);
#5199 = PRESENTATION_STYLE_ASSIGNMENT((#5200));
#5200 = SURFACE_STYLE_USAGE(.BOTH.,#5201);
#5201 = SURFACE_SIDE_STYLE('',(#5202));
#5202 = SURFACE_STYLE_FILL_AREA(#5203);
#5203 = FILL_AREA_STYLE('',(#5204));
#5204 = FILL_AREA_STYLE_COLOUR('',#5190);
#5205 = OVER_RIDING_STYLED_ITEM('overriding color',(#5206),#2685,#5073);
#5206 = PRESENTATION_STYLE_ASSIGNMENT((#5207));
#5207 = SURFACE_STYLE_USAGE(.BOTH.,#5208);
#5208 = SURFACE_SIDE_STYLE('',(#5209));
#5209 = SURFACE_STYLE_FILL_AREA(#5210);
#5210 = FILL_AREA_STYLE('',(#5211));
#5211 = FILL_AREA_STYLE_COLOUR('',#5190);
#5212 = OVER_RIDING_STYLED_ITEM('overriding color',(#5213),#2744,#5073);
#5213 = PRESENTATION_STYLE_ASSIGNMENT((#5214));
#5214 = SURFACE_STYLE_USAGE(.BOTH.,#5215);
#5215 = SURFACE_SIDE_STYLE('',(#5216));
#5216 = SURFACE_STYLE_FILL_AREA(#5217);
#5217 = FILL_AREA_STYLE('',(#5218));
#5218 = FILL_AREA_STYLE_COLOUR('',#5190);
#5219 = OVER_RIDING_STYLED_ITEM('overriding color',(#5220),#2756,#5073);
#5220 = PRESENTATION_STYLE_ASSIGNMENT((#5221));
#5221 = SURFACE_STYLE_USAGE(.BOTH.,#5222);
#5222 = SURFACE_SIDE_STYLE('',(#5223));
#5223 = SURFACE_STYLE_FILL_AREA(#5224);
#5224 = FILL_AREA_STYLE('',(#5225));
#5225 = FILL_AREA_STYLE_COLOUR('',#5190);
#5226 = OVER_RIDING_STYLED_ITEM('overriding color',(#5227),#2778,#5073);
#5227 = PRESENTATION_STYLE_ASSIGNMENT((#5228));
#5228 = SURFACE_STYLE_USAGE(.BOTH.,#5229);
#5229 = SURFACE_SIDE_STYLE('',(#5230));
#5230 = SURFACE_STYLE_FILL_AREA(#5231);
#5231 = FILL_AREA_STYLE('',(#5232));
#5232 = FILL_AREA_STYLE_COLOUR('',#5190);
#5233 = OVER_RIDING_STYLED_ITEM('overriding color',(#5234),#2795,#5073);
#5234 = PRESENTATION_STYLE_ASSIGNMENT((#5235));
#5235 = SURFACE_STYLE_USAGE(.BOTH.,#5236);
#5236 = SURFACE_SIDE_STYLE('',(#5237));
#5237 = SURFACE_STYLE_FILL_AREA(#5238);
#5238 = FILL_AREA_STYLE('',(#5239));
#5239 = FILL_AREA_STYLE_COLOUR('',#5190);
#5240 = OVER_RIDING_STYLED_ITEM('overriding color',(#5241),#2812,#5073);
#5241 = PRESENTATION_STYLE_ASSIGNMENT((#5242));
#5242 = SURFACE_STYLE_USAGE(.BOTH.,#5243);
#5243 = SURFACE_SIDE_STYLE('',(#5244));
#5244 = SURFACE_STYLE_FILL_AREA(#5245);
#5245 = FILL_AREA_STYLE('',(#5246));
#5246 = FILL_AREA_STYLE_COLOUR('',#5190);
#5247 = OVER_RIDING_STYLED_ITEM('overriding color',(#5248),#2829,#5073);
#5248 = PRESENTATION_STYLE_ASSIGNMENT((#5249));
#5249 = SURFACE_STYLE_USAGE(.BOTH.,#5250);
#5250 = SURFACE_SIDE_STYLE('',(#5251));
#5251 = SURFACE_STYLE_FILL_AREA(#5252);
#5252 = FILL_AREA_STYLE('',(#5253));
#5253 = FILL_AREA_STYLE_COLOUR('',#5190);
#5254 = OVER_RIDING_STYLED_ITEM('overriding color',(#5255),#3027,#5073);
#5255 = PRESENTATION_STYLE_ASSIGNMENT((#5256));
#5256 = SURFACE_STYLE_USAGE(.BOTH.,#5257);
#5257 = SURFACE_SIDE_STYLE('',(#5258));
#5258 = SURFACE_STYLE_FILL_AREA(#5259);
#5259 = FILL_AREA_STYLE('',(#5260));
#5260 = FILL_AREA_STYLE_COLOUR('',#5091);
#5261 = OVER_RIDING_STYLED_ITEM('overriding color',(#5262),#3060,#5073);
#5262 = PRESENTATION_STYLE_ASSIGNMENT((#5263));
#5263 = SURFACE_STYLE_USAGE(.BOTH.,#5264);
#5264 = SURFACE_SIDE_STYLE('',(#5265));
#5265 = SURFACE_STYLE_FILL_AREA(#5266);
#5266 = FILL_AREA_STYLE('',(#5267));
#5267 = FILL_AREA_STYLE_COLOUR('',#5091);
#5268 = OVER_RIDING_STYLED_ITEM('overriding color',(#5269),#3101,#5073);
#5269 = PRESENTATION_STYLE_ASSIGNMENT((#5270));
#5270 = SURFACE_STYLE_USAGE(.BOTH.,#5271);
#5271 = SURFACE_SIDE_STYLE('',(#5272));
#5272 = SURFACE_STYLE_FILL_AREA(#5273);
#5273 = FILL_AREA_STYLE('',(#5274));
#5274 = FILL_AREA_STYLE_COLOUR('',#5091);
#5275 = OVER_RIDING_STYLED_ITEM('overriding color',(#5276),#3142,#5073);
#5276 = PRESENTATION_STYLE_ASSIGNMENT((#5277));
#5277 = SURFACE_STYLE_USAGE(.BOTH.,#5278);
#5278 = SURFACE_SIDE_STYLE('',(#5279));
#5279 = SURFACE_STYLE_FILL_AREA(#5280);
#5280 = FILL_AREA_STYLE('',(#5281));
#5281 = FILL_AREA_STYLE_COLOUR('',#5091);
#5282 = OVER_RIDING_STYLED_ITEM('overriding color',(#5283),#3244,#5073);
#5283 = PRESENTATION_STYLE_ASSIGNMENT((#5284));
#5284 = SURFACE_STYLE_USAGE(.BOTH.,#5285);
#5285 = SURFACE_SIDE_STYLE('',(#5286));
#5286 = SURFACE_STYLE_FILL_AREA(#5287);
#5287 = FILL_AREA_STYLE('',(#5288));
#5288 = FILL_AREA_STYLE_COLOUR('',#5091);
#5289 = OVER_RIDING_STYLED_ITEM('overriding color',(#5290),#4231,#5073);
#5290 = PRESENTATION_STYLE_ASSIGNMENT((#5291));
#5291 = SURFACE_STYLE_USAGE(.BOTH.,#5292);
#5292 = SURFACE_SIDE_STYLE('',(#5293));
#5293 = SURFACE_STYLE_FILL_AREA(#5294);
#5294 = FILL_AREA_STYLE('',(#5295));
#5295 = FILL_AREA_STYLE_COLOUR('',#5190);
#5296 = OVER_RIDING_STYLED_ITEM('overriding color',(#5297),#4262,#5073);
#5297 = PRESENTATION_STYLE_ASSIGNMENT((#5298));
#5298 = SURFACE_STYLE_USAGE(.BOTH.,#5299);
#5299 = SURFACE_SIDE_STYLE('',(#5300));
#5300 = SURFACE_STYLE_FILL_AREA(#5301);
#5301 = FILL_AREA_STYLE('',(#5302));
#5302 = FILL_AREA_STYLE_COLOUR('',#5190);
#5303 = OVER_RIDING_STYLED_ITEM('overriding color',(#5304),#4328,#5073);
#5304 = PRESENTATION_STYLE_ASSIGNMENT((#5305));
#5305 = SURFACE_STYLE_USAGE(.BOTH.,#5306);
#5306 = SURFACE_SIDE_STYLE('',(#5307));
#5307 = SURFACE_STYLE_FILL_AREA(#5308);
#5308 = FILL_AREA_STYLE('',(#5309));
#5309 = FILL_AREA_STYLE_COLOUR('',#5190);
#5310 = OVER_RIDING_STYLED_ITEM('overriding color',(#5311),#4352,#5073);
#5311 = PRESENTATION_STYLE_ASSIGNMENT((#5312));
#5312 = SURFACE_STYLE_USAGE(.BOTH.,#5313);
#5313 = SURFACE_SIDE_STYLE('',(#5314));
#5314 = SURFACE_STYLE_FILL_AREA(#5315);
#5315 = FILL_AREA_STYLE('',(#5316));
#5316 = FILL_AREA_STYLE_COLOUR('',#5190);
#5317 = OVER_RIDING_STYLED_ITEM('overriding color',(#5318),#4411,#5073);
#5318 = PRESENTATION_STYLE_ASSIGNMENT((#5319));
#5319 = SURFACE_STYLE_USAGE(.BOTH.,#5320);
#5320 = SURFACE_SIDE_STYLE('',(#5321));
#5321 = SURFACE_STYLE_FILL_AREA(#5322);
#5322 = FILL_AREA_STYLE('',(#5323));
#5323 = FILL_AREA_STYLE_COLOUR('',#5190);
#5324 = OVER_RIDING_STYLED_ITEM('overriding color',(#5325),#4423,#5073);
#5325 = PRESENTATION_STYLE_ASSIGNMENT((#5326));
#5326 = SURFACE_STYLE_USAGE(.BOTH.,#5327);
#5327 = SURFACE_SIDE_STYLE('',(#5328));
#5328 = SURFACE_STYLE_FILL_AREA(#5329);
#5329 = FILL_AREA_STYLE('',(#5330));
#5330 = FILL_AREA_STYLE_COLOUR('',#5190);
#5331 = OVER_RIDING_STYLED_ITEM('overriding color',(#5332),#4445,#5073);
#5332 = PRESENTATION_STYLE_ASSIGNMENT((#5333));
#5333 = SURFACE_STYLE_USAGE(.BOTH.,#5334);
#5334 = SURFACE_SIDE_STYLE('',(#5335));
#5335 = SURFACE_STYLE_FILL_AREA(#5336);
#5336 = FILL_AREA_STYLE('',(#5337));
#5337 = FILL_AREA_STYLE_COLOUR('',#5190);
#5338 = OVER_RIDING_STYLED_ITEM('overriding color',(#5339),#4462,#5073);
#5339 = PRESENTATION_STYLE_ASSIGNMENT((#5340));
#5340 = SURFACE_STYLE_USAGE(.BOTH.,#5341);
#5341 = SURFACE_SIDE_STYLE('',(#5342));
#5342 = SURFACE_STYLE_FILL_AREA(#5343);
#5343 = FILL_AREA_STYLE('',(#5344));
#5344 = FILL_AREA_STYLE_COLOUR('',#5190);
#5345 = OVER_RIDING_STYLED_ITEM('overriding color',(#5346),#4479,#5073);
#5346 = PRESENTATION_STYLE_ASSIGNMENT((#5347));
#5347 = SURFACE_STYLE_USAGE(.BOTH.,#5348);
#5348 = SURFACE_SIDE_STYLE('',(#5349));
#5349 = SURFACE_STYLE_FILL_AREA(#5350);
#5350 = FILL_AREA_STYLE('',(#5351));
#5351 = FILL_AREA_STYLE_COLOUR('',#5190);
#5352 = OVER_RIDING_STYLED_ITEM('overriding color',(#5353),#4496,#5073);
#5353 = PRESENTATION_STYLE_ASSIGNMENT((#5354));
#5354 = SURFACE_STYLE_USAGE(.BOTH.,#5355);
#5355 = SURFACE_SIDE_STYLE('',(#5356));
#5356 = SURFACE_STYLE_FILL_AREA(#5357);
#5357 = FILL_AREA_STYLE('',(#5358));
#5358 = FILL_AREA_STYLE_COLOUR('',#5190);
#5359 = OVER_RIDING_STYLED_ITEM('overriding color',(#5360),#4559,#5073);
#5360 = PRESENTATION_STYLE_ASSIGNMENT((#5361));
#5361 = SURFACE_STYLE_USAGE(.BOTH.,#5362);
#5362 = SURFACE_SIDE_STYLE('',(#5363));
#5363 = SURFACE_STYLE_FILL_AREA(#5364);
#5364 = FILL_AREA_STYLE('',(#5365));
#5365 = FILL_AREA_STYLE_COLOUR('',#5190);
#5366 = OVER_RIDING_STYLED_ITEM('overriding color',(#5367),#4582,#5073);
#5367 = PRESENTATION_STYLE_ASSIGNMENT((#5368));
#5368 = SURFACE_STYLE_USAGE(.BOTH.,#5369);
#5369 = SURFACE_SIDE_STYLE('',(#5370));
#5370 = SURFACE_STYLE_FILL_AREA(#5371);
#5371 = FILL_AREA_STYLE('',(#5372));
#5372 = FILL_AREA_STYLE_COLOUR('',#5190);
#5373 = OVER_RIDING_STYLED_ITEM('overriding color',(#5374),#4606,#5073);
#5374 = PRESENTATION_STYLE_ASSIGNMENT((#5375));
#5375 = SURFACE_STYLE_USAGE(.BOTH.,#5376);
#5376 = SURFACE_SIDE_STYLE('',(#5377));
#5377 = SURFACE_STYLE_FILL_AREA(#5378);
#5378 = FILL_AREA_STYLE('',(#5379));
#5379 = FILL_AREA_STYLE_COLOUR('',#5190);
#5380 = OVER_RIDING_STYLED_ITEM('overriding color',(#5381),#4622,#5073);
#5381 = PRESENTATION_STYLE_ASSIGNMENT((#5382));
#5382 = SURFACE_STYLE_USAGE(.BOTH.,#5383);
#5383 = SURFACE_SIDE_STYLE('',(#5384));
#5384 = SURFACE_STYLE_FILL_AREA(#5385);
#5385 = FILL_AREA_STYLE('',(#5386));
#5386 = FILL_AREA_STYLE_COLOUR('',#5190);
#5387 = OVER_RIDING_STYLED_ITEM('overriding color',(#5388),#4697,#5073);
#5388 = PRESENTATION_STYLE_ASSIGNMENT((#5389));
#5389 = SURFACE_STYLE_USAGE(.BOTH.,#5390);
#5390 = SURFACE_SIDE_STYLE('',(#5391));
#5391 = SURFACE_STYLE_FILL_AREA(#5392);
#5392 = FILL_AREA_STYLE('',(#5393));
#5393 = FILL_AREA_STYLE_COLOUR('',#5190);
#5394 = OVER_RIDING_STYLED_ITEM('overriding color',(#5395),#4720,#5073);
#5395 = PRESENTATION_STYLE_ASSIGNMENT((#5396));
#5396 = SURFACE_STYLE_USAGE(.BOTH.,#5397);
#5397 = SURFACE_SIDE_STYLE('',(#5398));
#5398 = SURFACE_STYLE_FILL_AREA(#5399);
#5399 = FILL_AREA_STYLE('',(#5400));
#5400 = FILL_AREA_STYLE_COLOUR('',#5190);
#5401 = OVER_RIDING_STYLED_ITEM('overriding color',(#5402),#4744,#5073);
#5402 = PRESENTATION_STYLE_ASSIGNMENT((#5403));
#5403 = SURFACE_STYLE_USAGE(.BOTH.,#5404);
#5404 = SURFACE_SIDE_STYLE('',(#5405));
#5405 = SURFACE_STYLE_FILL_AREA(#5406);
#5406 = FILL_AREA_STYLE('',(#5407));
#5407 = FILL_AREA_STYLE_COLOUR('',#5190);
#5408 = OVER_RIDING_STYLED_ITEM('overriding color',(#5409),#4760,#5073);
#5409 = PRESENTATION_STYLE_ASSIGNMENT((#5410));
#5410 = SURFACE_STYLE_USAGE(.BOTH.,#5411);
#5411 = SURFACE_SIDE_STYLE('',(#5412));
#5412 = SURFACE_STYLE_FILL_AREA(#5413);
#5413 = FILL_AREA_STYLE('',(#5414));
#5414 = FILL_AREA_STYLE_COLOUR('',#5190);
#5415 = OVER_RIDING_STYLED_ITEM('overriding color',(#5416),#4772,#5073);
#5416 = PRESENTATION_STYLE_ASSIGNMENT((#5417));
#5417 = SURFACE_STYLE_USAGE(.BOTH.,#5418);
#5418 = SURFACE_SIDE_STYLE('',(#5419));
#5419 = SURFACE_STYLE_FILL_AREA(#5420);
#5420 = FILL_AREA_STYLE('',(#5421));
#5421 = FILL_AREA_STYLE_COLOUR('',#5091);
#5422 = OVER_RIDING_STYLED_ITEM('overriding color',(#5423),#4794,#5073);
#5423 = PRESENTATION_STYLE_ASSIGNMENT((#5424));
#5424 = SURFACE_STYLE_USAGE(.BOTH.,#5425);
#5425 = SURFACE_SIDE_STYLE('',(#5426));
#5426 = SURFACE_STYLE_FILL_AREA(#5427);
#5427 = FILL_AREA_STYLE('',(#5428));
#5428 = FILL_AREA_STYLE_COLOUR('',#5091);
#5429 = OVER_RIDING_STYLED_ITEM('overriding color',(#5430),#4816,#5073);
#5430 = PRESENTATION_STYLE_ASSIGNMENT((#5431));
#5431 = SURFACE_STYLE_USAGE(.BOTH.,#5432);
#5432 = SURFACE_SIDE_STYLE('',(#5433));
#5433 = SURFACE_STYLE_FILL_AREA(#5434);
#5434 = FILL_AREA_STYLE('',(#5435));
#5435 = FILL_AREA_STYLE_COLOUR('',#5091);
#5436 = OVER_RIDING_STYLED_ITEM('overriding color',(#5437),#4839,#5073);
#5437 = PRESENTATION_STYLE_ASSIGNMENT((#5438));
#5438 = SURFACE_STYLE_USAGE(.BOTH.,#5439);
#5439 = SURFACE_SIDE_STYLE('',(#5440));
#5440 = SURFACE_STYLE_FILL_AREA(#5441);
#5441 = FILL_AREA_STYLE('',(#5442));
#5442 = FILL_AREA_STYLE_COLOUR('',#5091);
#5443 = OVER_RIDING_STYLED_ITEM('overriding color',(#5444),#4862,#5073);
#5444 = PRESENTATION_STYLE_ASSIGNMENT((#5445));
#5445 = SURFACE_STYLE_USAGE(.BOTH.,#5446);
#5446 = SURFACE_SIDE_STYLE('',(#5447));
#5447 = SURFACE_STYLE_FILL_AREA(#5448);
#5448 = FILL_AREA_STYLE('',(#5449));
#5449 = FILL_AREA_STYLE_COLOUR('',#5091);
#5450 = OVER_RIDING_STYLED_ITEM('overriding color',(#5451),#4879,#5073);
#5451 = PRESENTATION_STYLE_ASSIGNMENT((#5452));
#5452 = SURFACE_STYLE_USAGE(.BOTH.,#5453);
#5453 = SURFACE_SIDE_STYLE('',(#5454));
#5454 = SURFACE_STYLE_FILL_AREA(#5455);
#5455 = FILL_AREA_STYLE('',(#5456));
#5456 = FILL_AREA_STYLE_COLOUR('',#5091);
#5457 = OVER_RIDING_STYLED_ITEM('overriding color',(#5458),#4896,#5073);
#5458 = PRESENTATION_STYLE_ASSIGNMENT((#5459));
#5459 = SURFACE_STYLE_USAGE(.BOTH.,#5460);
#5460 = SURFACE_SIDE_STYLE('',(#5461));
#5461 = SURFACE_STYLE_FILL_AREA(#5462);
#5462 = FILL_AREA_STYLE('',(#5463));
#5463 = FILL_AREA_STYLE_COLOUR('',#5091);
#5464 = OVER_RIDING_STYLED_ITEM('overriding color',(#5465),#4913,#5073);
#5465 = PRESENTATION_STYLE_ASSIGNMENT((#5466));
#5466 = SURFACE_STYLE_USAGE(.BOTH.,#5467);
#5467 = SURFACE_SIDE_STYLE('',(#5468));
#5468 = SURFACE_STYLE_FILL_AREA(#5469);
#5469 = FILL_AREA_STYLE('',(#5470));
#5470 = FILL_AREA_STYLE_COLOUR('',#5091);
#5471 = OVER_RIDING_STYLED_ITEM('overriding color',(#5472),#4930,#5073);
#5472 = PRESENTATION_STYLE_ASSIGNMENT((#5473));
#5473 = SURFACE_STYLE_USAGE(.BOTH.,#5474);
#5474 = SURFACE_SIDE_STYLE('',(#5475));
#5475 = SURFACE_STYLE_FILL_AREA(#5476);
#5476 = FILL_AREA_STYLE('',(#5477));
#5477 = FILL_AREA_STYLE_COLOUR('',#5091);
ENDSEC;
END-ISO-10303-21;
